Name,Order,NextRelDt,User ID,Order Amt,CH,REL,OH,Memo Description,FOB,Country,Description,Comment,Ship By,,,,,,,,
USG  / United States Gypsum Company,9425856,3/13/2025 0:00,mnuss,5335.02,TRUE,FALSE,FALSE,Cr Hold: Reminder of past due,Origin,USA,Best Way,,3/13/2025 0:00,,,,,,,,
Ball Beverage Packaging SA,9425265,3/14/2025 0:00,bvanhorn,1650,TRUE,TRUE,FALSE,Released,EXW,Brazil,Customer Carrier Account,,3/14/2025 0:00,,,,,,,,
Intercan Group Limited,9423790,3/14/2025 0:00,bvanhorn,2800,TRUE,TRUE,FALSE,Released,Origin,United Kingdom,FedEx Freight Intl Economy,,3/14/2025 0:00,,,,,,,,
"Interflex, LLC",9423768,3/14/2025 0:00,bvanhorn,21083.4,FALSE,FALSE,FALSE,,Origin,USA,Customer Carrier Account,"Historical shipping problems wtih this customer:04/23  Tony Leanna at Interflex - ""We just opened the boxes for the above magnetic cylinders and found that they are just laying on the bottom of the box.No cradles or foam support at all with a single layer of small bubble wrap around the body.""02/24  Tony Leanna at Interflex - ""I TOLD you a long time ago that just white FOAM cradles are not enough the handle the weight of these rolls.Plus, you put nothing as a side support to stop the roll from shifting from side to side again.""1.",Crate length will be sized to prevent lateral movement.2.,Crate ends will be secured with Groove or V-Blocks at 2” from crate floor. .3.,Crate width will be sized within 2” of the cylinder diameter.4.,Crate will be constructed with 2” thick boards for base and sidewall protection.5.,"Expansion packs will be used to eliminate voids in corners, and as protection to the cylinder surfaces.6.",A particle board lid will be secured to the top after expansion packs are placed on top of cylinder and evaluated for adequate coverage.7.,Crate feet should allow a 4” gap for using skid forks. 8. ,"Width of the crate feet should be at minimum, equal to the the height of the crate to reduce risk of tipping.9.             Apply  “DO_NOT_TIP” stickers to adjacent sides and attached a “DO_NOT_STACK” cone to the top.",3/14/2025 0:00
Thai Beverage Can LTD,9425727,3/14/2025 0:00,bvanhorn,1840,TRUE,TRUE,FALSE,Released - 50% down rec'd. MJE,EXW,Thailand,DHL International,,3/14/2025 0:00,,,,,,,,
Thortsen Magnetics Co.,9424296,3/14/2025 0:00,bvanhorn,0,TRUE,TRUE,FALSE,,Origin,USA,Customer Carrier Account,,3/14/2025 0:00,,,,,,,,
ADM Grain,9423781,3/17/2025 0:00,cberschauer,117090,TRUE,TRUE,FALSE,Released,Origin,USA,Customer Carrier Account,,3/17/2025 0:00,,,,,,,,
Suominen / Green Bay NonWovens,9425713,3/17/2025 0:00,rmitchell,3440,TRUE,TRUE,FALSE,Released,Origin,USA,Service Call,,3/17/2025 0:00,,,,,,,,
Hammermills International,9424069,3/18/2025 0:00,ericb,71132.25,TRUE,TRUE,FALSE,CR HOLD: RELEASED,Origin,USA,Best Way,,3/18/2025 0:00,,,,,,,,
Perretta Graphics Corp,9421074,3/19/2025 0:00,bvanhorn,4175,TRUE,TRUE,FALSE,Released,EXW,USA,UPS Ground,,3/19/2025 0:00,,,,,,,,
Capway Automation,9418581,3/20/2025 0:00,ericb,17931.6,FALSE,FALSE,FALSE,,Origin,USA,UPS Freight LTL,,3/20/2025 0:00,,,,,,,,
Central Milling (fka Wheatland Milling),9426254,3/20/2025 0:00,mnuss,760,FALSE,FALSE,FALSE,,Origin,USA,Fed-Ex Priority Overnight,,3/20/2025 0:00,,,,,,,,
Control Associates,9425854,3/20/2025 0:00,cberschauer,3625,TRUE,TRUE,FALSE,Released,EXW,USA,Best Way,,3/20/2025 0:00,,,,,,,,
Convergix Automation,9424474,3/20/2025 0:00,ericb,15695,TRUE,TRUE,FALSE,Released w/ cc pre auth,Origin,USA,Best Way,,3/20/2025 0:00,,,,,,,,
Hela Spice Canada Inc,9426593,3/20/2025 0:00,wregier,1421,TRUE,TRUE,FALSE,Released,Origin,Canada,Customer Carrier Account,EMAN.SHOWKAT@HELASPICE.COM,3/20/2025 0:00,,,,,,,,
Kozy Shack / Land O' Lakes,9426540,3/20/2025 0:00,wregier,0,TRUE,TRUE,FALSE,Released,Origin,USA,Customer Carrier Account,,3/20/2025 0:00,,,,,,,,
Lastique International Corp.,9426608,3/20/2025 0:00,llujan,10176,TRUE,TRUE,FALSE,Released,Origin,USA,Best Way,lucie.vaughn@lastique.com,3/20/2025 0:00,,,,,,,,
Maguire Canada,9426071,3/20/2025 0:00,wregier,2927.4,FALSE,FALSE,FALSE,,Origin,Canada,UPS Standard Intl,,3/20/2025 0:00,,,,,,,,
Maguire Products Asia Pte Ltd,9426080,3/20/2025 0:00,cberschauer,995.23,TRUE,TRUE,FALSE,Relesead,Origin,USA,Fed-Ex Ground,S.WONG@MAGUIRE-PRODUCTS.COM.SG,3/20/2025 0:00,,,,,,,,
Multi-Conveyor LLC,9425161,3/20/2025 0:00,ericb,3055.75,TRUE,TRUE,FALSE,Released w/ cc pre auth,Origin,USA,UPS Ground,,3/20/2025 0:00,,,,,,,,
Shamrock Pacific,9426473,3/20/2025 0:00,bvanhorn,3679.2,TRUE,TRUE,FALSE,Released,EXW,Australia,Customer Carrier Account,,3/20/2025 0:00,,,,,,,,
Thortsen Magnetics Co.,9425778,3/20/2025 0:00,cberschauer,3731.2,TRUE,TRUE,FALSE,,Origin,USA,UPS Ground,,3/20/2025 0:00,,,,,,,,
Viterra-Warden,9426582,3/20/2025 0:00,wregier,692,TRUE,TRUE,FALSE,Released: w/ cc pre auth,Origin,USA,UPS Ground,,3/20/2025 0:00,,,,,,,,
AMF Automation Technologies,9426514,3/21/2025 0:00,blafever,2065.5,TRUE,TRUE,FALSE,Released,Origin,USA,UPS Ground,,3/21/2025 0:00,,,,,,,,
Echo Industries Inc.,9426266,3/21/2025 0:00,wregier,0,FALSE,FALSE,FALSE,,Origin,USA,Best Way,,3/21/2025 0:00,,,,,,,,
Fasteners for Retail Inc dba Siffron,9423448,3/21/2025 0:00,blafever,15956,TRUE,TRUE,FALSE,Released,EXW,USA,Best Way,,3/21/2025 0:00,,,,,,,,
Fenimore Mfg Inc,9423433,3/21/2025 0:00,bvanhorn,34003,TRUE,TRUE,FALSE,Released,Origin,USA,Best Way,,3/21/2025 0:00,,,,,,,,
Foremost Machine Builders Inc,9420089,3/21/2025 0:00,cberschauer,2232.1,TRUE,TRUE,FALSE,Released,Origin,USA,UPS Ground,,3/21/2025 0:00,,,,,,,,
Genesis Alkali LLC (WE Soda),9426221,3/21/2025 0:00,mnuss,780,TRUE,FALSE,FALSE,Cr Hold: Reminder of past due,Origin,USA,Best Way,,3/21/2025 0:00,,,,,,,,
Global Plastics Equipment & Services LLC,9425669,3/21/2025 0:00,cberschauer,5896,TRUE,TRUE,FALSE,Released,Origin,USA,Best Way,,3/21/2025 0:00,,,,,,,,
Hosokawa Micron Powder Systems,9421119,3/21/2025 0:00,cberschauer,14663.1,TRUE,TRUE,FALSE,Released,Origin,USA,UPS Ground,,3/21/2025 0:00,,,,,,,,
ID Images LLC,9425714,3/21/2025 0:00,bvanhorn,1712.91,FALSE,FALSE,FALSE,,Origin,USA,UPS Ground,,3/21/2025 0:00,,,,,,,,
IMS Company,9426025,3/21/2025 0:00,wregier,3350.7,FALSE,FALSE,FALSE,,Origin,USA,Customer Carrier Account,SEE CUST SONG & DANCE FOR SHIP,3/21/2025 0:00,,,,,,,,
Press Automation,9426545,3/21/2025 0:00,mnuss,1991.7,TRUE,TRUE,FALSE,Released,Origin,USA,UPS Ground,"When shipping Press Automation, UPS Collect #46X313, do not add declared value, per Patrick Huxhold. 9/16/13. SLG.",3/21/2025 0:00,,,,,,,,
"R&B Plastics Machinery, LLC",9425554,3/21/2025 0:00,wregier,2091.85,FALSE,FALSE,FALSE,,Origin,USA,UPS Ground,,3/21/2025 0:00,,,,,,,,
River Valley Millwright Services,9424176,3/21/2025 0:00,wregier,41859,TRUE,TRUE,FALSE,CR HOLD: RELEASED,EXW,USA,Best Way,,3/21/2025 0:00,,,,,,,,
Silver Hills Bakery / div of Vibrant Health,9425905,3/21/2025 0:00,wregier,3628,TRUE,TRUE,FALSE,Released,EXW,Canada,UPS Next Day Air,,3/21/2025 0:00,,,,,,,,
Simpson Strong-Tie,9426566,3/21/2025 0:00,mnuss,4966.51,TRUE,TRUE,FALSE,Released,Origin,USA,Best Way,,3/21/2025 0:00,,,,,,,,
Thortsen Magnetics Co.,9426109,3/21/2025 0:00,mnuss,2064,TRUE,TRUE,FALSE,Released,Origin,USA,UPS Ground,,3/21/2025 0:00,,,,,,,,
"Triple H Specialty Co, Inc",9424794,3/21/2025 0:00,ericb,5899,TRUE,TRUE,FALSE,Released,Origin,USA,Best Way,,3/21/2025 0:00,,,,,,,,
Weima America Inc.,9423782,3/21/2025 0:00,ericb,18215.5,TRUE,TRUE,FALSE,Released,Origin,USA,Customer Carrier Account,,3/21/2025 0:00,,,,,,,,
"Wittmann Battenfeld, Inc.",9425852,3/21/2025 0:00,wregier,2424.2,FALSE,FALSE,FALSE,,Origin,USA,Best Way,,3/21/2025 0:00,,,,,,,,
CHEMISPHERE CORPORATION,9425193,3/24/2025 0:00,wregier,3497,TRUE,TRUE,FALSE,Released,EXW,USA,Best Way,,3/24/2025 0:00,,,,,,,,
Fastenal,9426607,3/24/2025 0:00,mnuss,1032.3,TRUE,TRUE,FALSE,Released,EXW,USA,UPS Ground,,3/24/2025 0:00,,,,,,,,
HAF Equipment,9426288,3/24/2025 0:00,wregier,12155.4,FALSE,FALSE,FALSE,,EXW,USA,UPS Ground,,3/24/2025 0:00,,,,,,,,
Highline Warren,9423603,3/24/2025 0:00,llujan,48552,TRUE,TRUE,FALSE,CR HOLD: RELEASED,Origin,USA,Best Way,,3/24/2025 0:00,,,,,,,,
Husky Injection Molding Systems (Shanghai) Ltd,9424585,3/24/2025 0:00,cberschauer,14271.2,TRUE,TRUE,FALSE,Released,EXW,China,DHL International,"LILIU@HUSAKY.CABruce LinLin, Bo (Shanghai) <blin@husky.ca>SCHEDULE ORDERS 3 WEEKS EARLIER TO ALLOW FOR  TRANSPORT TIME TO SHANGHAI",4/17/2025 0:00,,,,,,,,
ID Images LLC,9425504,3/24/2025 0:00,bvanhorn,2462,FALSE,FALSE,FALSE,,Origin,USA,UPS Ground,,3/24/2025 0:00,,,,,,,,
Kondex,9426589,3/24/2025 0:00,mnuss,490,FALSE,FALSE,FALSE,,Origin,USA,UPS Ground,,3/24/2025 0:00,,,,,,,,
Maguire Canada,9426002,3/24/2025 0:00,wregier,2081.65,FALSE,FALSE,FALSE,,Origin,Canada,UPS Standard Intl,,3/24/2025 0:00,,,,,,,,
Perfetti Van Melle,9426401,3/24/2025 0:00,mnuss,308,TRUE,TRUE,FALSE,Released,Origin,USA,Best Way,,3/24/2025 0:00,,,,,,,,
Poly-Chlor Plastic Ind. Ltd,9425024,3/24/2025 0:00,wregier,5811,TRUE,TRUE,FALSE,Released,Origin,Canada,Best Way,,3/24/2025 0:00,,,,,,,,
"Scheibler Brothers, Inc.",9423856,3/24/2025 0:00,rmitchell,60312.6,TRUE,TRUE,FALSE,CR HOLD: RELEASED,Origin,USA,Best Way,,3/24/2026 0:00,,,,,,,,
Silos Y Camiones SA de CV,9425733,3/24/2025 0:00,tkoerner,13964.6,TRUE,TRUE,FALSE,Released,EXW,USA,Best Way,"LAREDO, TX = WAREHOUSAE (FOR",3/24/2025 0:00,,,,,,,,
Thortsen Magnetics Co.,9426609,3/24/2025 0:00,mnuss,958.4,TRUE,TRUE,FALSE,Released,Origin,USA,UPS Ground,,3/24/2025 0:00,,,,,,,,
Vismec America Inc,9426239,3/24/2025 0:00,cberschauer,1225.7,FALSE,FALSE,FALSE,,Origin,USA,Best Way,,3/24/2025 0:00,,,,,,,,
ACS Corporation,9426255,3/25/2025 0:00,wregier,1009.8,FALSE,FALSE,FALSE,,Origin,USA,UPS Ground,,3/25/2025 0:00,,,,,,,,
Cargill,9425673,3/25/2025 0:00,cberschauer,215,FALSE,FALSE,FALSE,,Origin,USA,UPS Ground,,3/25/2025 0:00,,,,,,,,
Cristalpet Do Brasil Ind de Embalagem LTDA,9424482,3/25/2025 0:00,llujan,45720,TRUE,TRUE,FALSE,Released,EXW,Brazil,Customer Carrier Account,,3/25/2025 0:00,,,,,,,,
GADA Bakery Services Inc.,9425800,3/25/2025 0:00,ericb,1300.5,TRUE,TRUE,FALSE,Released: w/ cc pre auth,EXW,USA,Best Way,,3/25/2025 0:00,,,,,,,,
Guyson Corporation,9426539,3/25/2025 0:00,wregier,1639.8,FALSE,FALSE,FALSE,,Origin,USA,UPS Ground,,3/25/2025 0:00,,,,,,,,
Husky Injection Molding Systems Ltd,9425781,3/25/2025 0:00,cberschauer,5994.6,TRUE,TRUE,FALSE,Released,Origin,Canada,Fed-Ex Ground,,3/25/2025 0:00,,,,,,,,
IPEG - International Plastics Equipment Group,9425319,3/25/2025 0:00,rmitchell,26040.6,FALSE,FALSE,FALSE,Released,Origin,USA,Customer Carrier Account,"FED EX FREIGHT # 50334351FED EX PARCEL # 016504211UPS# 185657Valued Supplier:Our Conair Franklin PA location has changed the inbound freight carrier to Ark Transportation Ltd, starting immediately. Going forward, contact the following when scheduling domestic pickup/deliveries:http://my.arktransportation.com/webtrakwt/     User name : conair       Password : conairor  Email: ops@arktrans.com          Phone: 800-536-6088Please include with your request: Origin ZipDestination ZipPiece count, Weight, and Dimensions (L x W x H)Description of GoodsService Level Requested Any other special information about the shipment About Ark: We value our customers. We believe that customer service and communication should be the first priorities when working with a transportation and logistics provider. We do this by having quick response times, an operations team who utilizes technology to help you make your transportation decisions quickly and easily, and the ability to move your freight anywhere in the world. Review Arc’s leadtime service map on page 2. Advise me of any questions or concerns.   Thank you for your support.Dan MattasDirector of Purchasingdmattas@conairgroup.comThe Conair Group  /  IPEG, Inc.",3/25/2025 0:00,,,,,,,,
"Maguire Products, Inc.",9424659,3/25/2025 0:00,wregier,1898.9,FALSE,FALSE,FALSE,Released,Origin,USA,Fed-Ex Ground,,3/25/2025 0:00,,,,,,,,
Samuel Associated Tube Group,9425325,3/25/2025 0:00,ericb,7670,TRUE,TRUE,FALSE,Released,Origin,USA,Best Way,,3/25/2025 0:00,,,,,,,,
Thortsen Magnetics Co.,9425420,3/25/2025 0:00,ericb,3136,TRUE,TRUE,FALSE,,Origin,USA,Best Way,,3/25/2025 0:00,,,,,,,,
Automatic Spring Products Corp.,9426310,3/26/2025 0:00,ericb,0,TRUE,TRUE,FALSE,Released,Origin,USA,Best Way,,3/26/2025 0:00,,,,,,,,
Bunting - Redditch,9426349,3/26/2025 0:00,wregier,900,FALSE,FALSE,FALSE,,Origin,United Kingdom,Best Way,,3/26/2025 0:00,,,,,,,,
Cargill Meat Solutions Corp.,9425275,3/26/2025 0:00,wregier,3868,FALSE,FALSE,FALSE,Released,Origin,USA,UPS Ground,,3/26/2025 0:00,,,,,,,,
Ensign Equipment,9426107,3/26/2025 0:00,wregier,5078,TRUE,TRUE,FALSE,Released,Origin,USA,Best Way,,3/26/2025 0:00,,,,,,,,
Global Polymers LLC,9423005,3/26/2025 0:00,blafever,4570,TRUE,TRUE,FALSE,Released,Origin,USA,Best Way,BARRY@GLOBALPOLYMERSCORP.COM,3/26/2025 0:00,,,,,,,,
Great Plains Mfg,9426592,3/26/2025 0:00,wregier,0,FALSE,FALSE,FALSE,,EXW,USA,Customer Pick Up,,3/26/2025 0:00,,,,,,,,
IPEG - International Plastics Equipment Group,9424234,3/26/2025 0:00,cberschauer,756.5,FALSE,FALSE,FALSE,,Origin,USA,UPS Ground,"FED EX FREIGHT # 50334351FED EX PARCEL # 016504211UPS# 185657Valued Supplier:Our Conair Franklin PA location has changed the inbound freight carrier to Ark Transportation Ltd, starting immediately. Going forward, contact the following when scheduling domestic pickup/deliveries:http://my.arktransportation.com/webtrakwt/     User name : conair       Password : conairor  Email: ops@arktrans.com          Phone: 800-536-6088Please include with your request: Origin ZipDestination ZipPiece count, Weight, and Dimensions (L x W x H)Description of GoodsService Level Requested Any other special information about the shipment About Ark: We value our customers. We believe that customer service and communication should be the first priorities when working with a transportation and logistics provider. We do this by having quick response times, an operations team who utilizes technology to help you make your transportation decisions quickly and easily, and the ability to move your freight anywhere in the world. Review Arc’s leadtime service map on page 2. Advise me of any questions or concerns.   Thank you for your support.Dan MattasDirector of Purchasingdmattas@conairgroup.comThe Conair Group  /  IPEG, Inc.",3/26/2025 0:00,,,,,,,,
IPEG - International Plastics Equipment Group,9426019,3/26/2025 0:00,cberschauer,1118.6,FALSE,FALSE,FALSE,,Origin,USA,UPS Ground,"FED EX FREIGHT # 50334351FED EX PARCEL # 016504211UPS# 185657Valued Supplier:Our Conair Franklin PA location has changed the inbound freight carrier to Ark Transportation Ltd, starting immediately. Going forward, contact the following when scheduling domestic pickup/deliveries:http://my.arktransportation.com/webtrakwt/     User name : conair       Password : conairor  Email: ops@arktrans.com          Phone: 800-536-6088Please include with your request: Origin ZipDestination ZipPiece count, Weight, and Dimensions (L x W x H)Description of GoodsService Level Requested Any other special information about the shipment About Ark: We value our customers. We believe that customer service and communication should be the first priorities when working with a transportation and logistics provider. We do this by having quick response times, an operations team who utilizes technology to help you make your transportation decisions quickly and easily, and the ability to move your freight anywhere in the world. Review Arc’s leadtime service map on page 2. Advise me of any questions or concerns.   Thank you for your support.Dan MattasDirector of Purchasingdmattas@conairgroup.comThe Conair Group  /  IPEG, Inc.",3/26/2025 0:00,,,,,,,,
Mid South Baking / C.H. Guenther & Son,9426465,3/26/2025 0:00,wregier,2500,TRUE,TRUE,FALSE,Released,Origin,USA,Service Call,,3/26/2025 0:00,,,,,,,,
Mississippi Lime Co,9422849,3/26/2025 0:00,wregier,1758,TRUE,TRUE,FALSE,Released,Origin,USA,UPS Ground,,3/26/2025 0:00,,,,,,,,
Mississippi Lime Co,9424464,3/26/2025 0:00,wregier,1758,TRUE,TRUE,FALSE,Released,Origin,USA,UPS Ground,,3/26/2025 0:00,,,,,,,,
Prairie Fava,9425869,3/26/2025 0:00,cberschauer,4813,TRUE,TRUE,FALSE,Released,Origin,Canada,Best Way,,3/26/2025 0:00,,,,,,,,
Return Polymers,9424335,3/26/2025 0:00,mnuss,7489,TRUE,TRUE,FALSE,Released,Origin,USA,Best Way,,3/26/2025 0:00,,,,,,,,
Sisecam Wyoming LLC / fka Ciner,9424476,3/26/2025 0:00,mnuss,2941,FALSE,FALSE,FALSE,,Origin,USA,Best Way,,3/26/2025 0:00,,,,,,,,
"Velocity Industrial, LLC",9425619,3/26/2025 0:00,llujan,4244.4,TRUE,TRUE,FALSE,Released,Origin,USA,UPS Ground,,3/26/2025 0:00,,,,,,,,
Allied Bearings,9425226,3/27/2025 0:00,wregier,34326.13,TRUE,TRUE,FALSE,Released,EXW,USA,R & L Carriers,,3/27/2025 0:00,,,,,,,,
American Original Building Products,9426372,3/27/2025 0:00,wregier,1130,FALSE,FALSE,FALSE,,EXW,USA,Fed-Ex Ground,,3/27/2025 0:00,,,,,,,,
Battenfeld-Cincinnati USA,9425345,3/27/2025 0:00,cberschauer,1127.1,FALSE,FALSE,FALSE,,Origin,USA,UPS Ground,,3/27/2025 0:00,,,,,,,,
Belvac  / A Dover Company,9426452,3/27/2025 0:00,bvanhorn,240,TRUE,TRUE,FALSE,Released,Origin,Netherlands,FedEx Freight Intl Economy,,3/27/2025 0:00,,,,,,,,
Bunting - Redditch,9426049,3/27/2025 0:00,wregier,7680,FALSE,FALSE,FALSE,,Origin,United Kingdom,Best Way,,3/27/2025 0:00,,,,,,,,
California Dairies Inc.,9426137,3/27/2025 0:00,mnuss,3285.91,TRUE,TRUE,FALSE,Released,Origin,USA,Best Way,,3/27/2025 0:00,,,,,,,,
Crate 61 Organics,9421984,3/27/2025 0:00,llujan,25651,TRUE,TRUE,FALSE,Released,EXW,Canada,Best Way,,3/27/2026 0:00,,,,,,,,
CROWN FAMOSA S.A DE C.V.,9426422,3/27/2025 0:00,bvanhorn,790,TRUE,TRUE,FALSE,Released,EXW,USA,Best Way,,3/27/2025 0:00,,,,,,,,
Dalhart R&R Machine Works Inc,9425936,3/27/2025 0:00,wregier,3340.5,FALSE,FALSE,FALSE,,Origin,USA,Fed-Ex Ground,,3/27/2025 0:00,,,,,,,,
Divine Pasta,9425890,3/27/2025 0:00,wregier,1662,FALSE,FALSE,FALSE,,Origin,USA,Best Way,TODD RAMSEY,3/27/2025 0:00,,,,,,,,
ICL Specialty Products Inc,9425657,3/27/2025 0:00,wregier,8550,FALSE,FALSE,FALSE,,Origin,USA,Best Way,,3/27/2025 0:00,,,,,,,,
Intercan Group Limited,9426355,3/27/2025 0:00,bvanhorn,1840,TRUE,TRUE,FALSE,Released,Origin,United Kingdom,FedEx Freight Intl Economy,,3/27/2025 0:00,,,,,,,,
IPEG - International Plastics Equipment Group,9424170,3/27/2025 0:00,cberschauer,4480.35,FALSE,FALSE,FALSE,,Origin,USA,Customer Carrier Account,"FED EX FREIGHT # 50334351FED EX PARCEL # 016504211UPS# 185657Valued Supplier:Our Conair Franklin PA location has changed the inbound freight carrier to Ark Transportation Ltd, starting immediately. Going forward, contact the following when scheduling domestic pickup/deliveries:http://my.arktransportation.com/webtrakwt/     User name : conair       Password : conairor  Email: ops@arktrans.com          Phone: 800-536-6088Please include with your request: Origin ZipDestination ZipPiece count, Weight, and Dimensions (L x W x H)Description of GoodsService Level Requested Any other special information about the shipment About Ark: We value our customers. We believe that customer service and communication should be the first priorities when working with a transportation and logistics provider. We do this by having quick response times, an operations team who utilizes technology to help you make your transportation decisions quickly and easily, and the ability to move your freight anywhere in the world. Review Arc’s leadtime service map on page 2. Advise me of any questions or concerns.   Thank you for your support.Dan MattasDirector of Purchasingdmattas@conairgroup.comThe Conair Group  /  IPEG, Inc.",3/27/2025 0:00,,,,,,,,
IPEG - International Plastics Equipment Group,9426149,3/27/2025 0:00,cberschauer,839.8,FALSE,FALSE,FALSE,,Origin,USA,Fed-Ex Ground,"FED EX FREIGHT # 50334351FED EX PARCEL # 016504211UPS# 185657Valued Supplier:Our Conair Franklin PA location has changed the inbound freight carrier to Ark Transportation Ltd, starting immediately. Going forward, contact the following when scheduling domestic pickup/deliveries:http://my.arktransportation.com/webtrakwt/     User name : conair       Password : conairor  Email: ops@arktrans.com          Phone: 800-536-6088Please include with your request: Origin ZipDestination ZipPiece count, Weight, and Dimensions (L x W x H)Description of GoodsService Level Requested Any other special information about the shipment About Ark: We value our customers. We believe that customer service and communication should be the first priorities when working with a transportation and logistics provider. We do this by having quick response times, an operations team who utilizes technology to help you make your transportation decisions quickly and easily, and the ability to move your freight anywhere in the world. Review Arc’s leadtime service map on page 2. Advise me of any questions or concerns.   Thank you for your support.Dan MattasDirector of Purchasingdmattas@conairgroup.comThe Conair Group  /  IPEG, Inc.",3/27/2025 0:00,,,,,,,,
McCourt Equipment,9426408,3/27/2025 0:00,blafever,18700,TRUE,TRUE,FALSE,Released,Origin,USA,Best Way,,3/27/2025 0:00,,,,,,,,
McCourt Equipment,9426411,3/27/2025 0:00,blafever,18700,TRUE,TRUE,FALSE,Released,Origin,USA,Best Way,,3/27/2025 0:00,,,,,,,,
McMaster-Carr Supply Company,9425925,3/27/2025 0:00,blafever,3880,FALSE,FALSE,FALSE,,Origin,USA,UPS Ground,DISPLAY PO# ON OUTSIDE OF EACH CARTON. MARK EACH ROLL WITH FT PER ROLL. NO STYROFOAM PEANUTS.UPS# Y6196E,3/27/2025 0:00,,,,,,,,
SA Recycling,9423502,3/27/2025 0:00,blafever,179810,TRUE,TRUE,FALSE,Released - 40% down received,Origin,USA,Customer Carrier Account,,3/27/2025 0:00,,,,,,,,
Agrocrop Exports Ltd,9425033,3/28/2025 0:00,cberschauer,2500,TRUE,TRUE,FALSE,Released,Origin,Canada,Service Call,,3/28/2025 0:00,,,,,,,,
Applied Industrial Technologies,9425202,3/28/2025 0:00,wregier,11942.4,FALSE,FALSE,FALSE,Released: Child of APP027,Origin,USA,FedEX FREIGHT PRIORITY,,3/28/2025 0:00,,,,,,,,
Applied Industrial Technologies,9425206,3/28/2025 0:00,wregier,10838.4,FALSE,FALSE,FALSE,Released: Child of APP027,Origin,USA,FedEX FREIGHT PRIORITY,,3/28/2025 0:00,,,,,,,,
Applied Industrial Technologies,9425208,3/28/2025 0:00,wregier,8537.6,FALSE,FALSE,FALSE,Released: Child of APP027,Origin,USA,FedEX FREIGHT PRIORITY,,3/28/2025 0:00,,,,,,,,
Ball Metal Container (Printing),9424786,3/28/2025 0:00,bvanhorn,2255,TRUE,TRUE,FALSE,Released,Origin,USA,Customer Carrier Account,PRINT PREVIEW WITHIN EPICOREEMAIL INVOICE TO CONTACTS,3/28/2025 0:00,,,,,,,,
"Barry Sales Engineering, Inc",9425451,3/28/2025 0:00,wregier,624,FALSE,FALSE,FALSE,,Origin,USA,UPS Ground,UPS COLLECT-#673956,3/28/2025 0:00,,,,,,,,
BorgWarner Transmission Systems,9426531,3/28/2025 0:00,mnuss,635.4,FALSE,FALSE,FALSE,,Origin,USA,UPS Ground,,3/28/2025 0:00,,,,,,,,
Cargill Meat Solutions,9426445,3/28/2025 0:00,cberschauer,215,FALSE,FALSE,FALSE,,Origin,USA,Best Way,,3/28/2025 0:00,,,,,,,,
Cozzi/O'Brien Recycling,9423642,3/28/2025 0:00,mnuss,816.01,TRUE,TRUE,FALSE,Released,Origin,USA,Best Way,,3/28/2025 0:00,,,,,,,,
CSI Closures,9425166,3/28/2025 0:00,llujan,18603.02,TRUE,TRUE,FALSE,Released,EXW,USA,Customer Carrier Account,,3/28/2025 0:00,,,,,,,,
Harvard Factory Automation,9425433,3/28/2025 0:00,rmitchell,11084,FALSE,FALSE,FALSE,,Origin,USA,UPS Ground,,3/28/2025 0:00,,,,,,,,
Ingredion Incorporated,9425965,3/28/2025 0:00,cberschauer,2500,TRUE,TRUE,FALSE,Released,Origin,USA,Service Call,,3/28/2025 0:00,,,,,,,,
Novatec Inc,9426197,3/28/2025 0:00,wregier,3284.4,TRUE,TRUE,FALSE,Released,Origin,USA,UPS Ground,Primary - UPS Collect #274-123Secondary - Fed Ex Collect #021217395See Routing Guide,3/28/2025 0:00,,,,,,,,
O A Newton,9425180,3/28/2025 0:00,cberschauer,12393,TRUE,TRUE,FALSE,Released,Origin,USA,UPS Ground,,3/28/2025 0:00,,,,,,,,
Polycon Industries / div Magna Exteriors Corp,9426030,3/28/2025 0:00,cberschauer,861,TRUE,TRUE,FALSE,Released,Origin,USA,Customer Carrier Account,,3/28/2025 0:00,,,,,,,,
Radius Recycling / Schnitzer Steel Industries Inc,9426105,3/28/2025 0:00,mnuss,3649.71,FALSE,FALSE,FALSE,,Origin,USA,Best Way,,3/28/2025 0:00,,,,,,,,
Thortsen Magnetics Co.,9423852,3/28/2025 0:00,cberschauer,70940,TRUE,FALSE,FALSE,Cr Hold: 40% due - proforma sent 3/17,Origin,USA,Best Way,,3/11/2025 0:00,,,,,,,,
Trew Automation,9423984,3/28/2025 0:00,llujan,31350,TRUE,TRUE,FALSE,Released,EXW,Canada,Customer Carrier Account,,3/28/2025 0:00,,,,,,,,
Uniloy Inc,9424732,3/28/2025 0:00,cberschauer,5819.1,FALSE,FALSE,FALSE,,Origin,USA,Customer Carrier Account,,3/28/2025 0:00,,,,,,,,
"Aerofil Tech, Inc.",9425261,3/31/2025 0:00,ericb,0,TRUE,TRUE,FALSE,,Origin,USA,Best Way,,3/31/2025 0:00,,,,,,,,
Ball Beverage Packaging SA,9425114,3/31/2025 0:00,bvanhorn,1220,TRUE,TRUE,FALSE,Released: it's Ball,EXW,Brazil,Customer Carrier Account,,3/31/2025 0:00,,,,,,,,
Berry Global,9419603,3/31/2025 0:00,rmitchell,19186,TRUE,TRUE,FALSE,Released,Origin,USA,Best Way,,3/31/2025 0:00,,,,,,,,
Berry Global,9419605,3/31/2025 0:00,rmitchell,19186,TRUE,TRUE,FALSE,Released,Origin,USA,Best Way,,3/31/2025 0:00,,,,,,,,
Blommer Chocolate Company,9425807,3/31/2025 0:00,cberschauer,9000,FALSE,FALSE,FALSE,,Origin,USA,Service Call,,3/31/2025 0:00,,,,,,,,
"CSS Farms, LLC",9423773,3/31/2025 0:00,llujan,40968,TRUE,TRUE,FALSE,Released,EXW,USA,Best Way,,3/31/2025 0:00,,,,,,,,
Dematic Corp.,9420296,3/31/2025 0:00,llujan,30911.8,TRUE,TRUE,FALSE,Released,Origin,USA,Best Way,,4/15/2025 0:00,,,,,,,,
Diamond Plastics,9425730,3/31/2025 0:00,wregier,10776,TRUE,TRUE,FALSE,,Origin,USA,Best Way,,3/31/2025 0:00,,,,,,,,
Exotic Progression,9426248,3/31/2025 0:00,wregier,500,TRUE,TRUE,FALSE,Released,Origin,USA,Service Call,,3/31/2025 0:00,,,,,,,,
Fresh Hemp Foods c/o Manitoba Harvest Hemp Foods,9426270,3/31/2025 0:00,wregier,215,FALSE,FALSE,FALSE,,Origin,Canada,Customer Carrier Account,,3/31/2025 0:00,,,,,,,,
Graham Engineering Corp,9425974,3/31/2025 0:00,cberschauer,3706.85,FALSE,FALSE,FALSE,,Origin,USA,Fed-Ex Ground,If shipping parcel ship FEDEX GND CLCT 017104004Please be sure to use HTTPS://GRAHAM.MYTLX.COM/V when shipping LTLIf shipping inbound truckload or flatbed please call Mary Krepps or Adam Stump at 717-505-4883normal LTL carrier is XPO/CCX Our XPO/CCX account # is 944871997,3/31/2025 0:00,,,,,,,,
Husky Injection Molding Systems - Jeffersonville,9426484,3/31/2025 0:00,cberschauer,1150.8,FALSE,FALSE,FALSE,,Origin,USA,UPS Ground,,3/31/2025 0:00,,,,,,,,
Husky Injection Molding Systems (Shanghai) Ltd,9424508,3/31/2025 0:00,cberschauer,13007.98,TRUE,TRUE,FALSE,Released,EXW,China,DHL International,"LILIU@HUSAKY.CABruce LinLin, Bo (Shanghai) <blin@husky.ca>SCHEDULE ORDERS 3 WEEKS EARLIER TO ALLOW FOR  TRANSPORT TIME TO SHANGHAI",4/14/2025 0:00,,,,,,,,
Ring Container Technologies,9426303,3/31/2025 0:00,wregier,1610,TRUE,TRUE,FALSE,Released,Origin,USA,Best Way,,3/31/2025 0:00,,,,,,,,
Thortsen Magnetics Co.,9379763,3/31/2025 0:00,llujan,0,TRUE,TRUE,FALSE,,Origin,USA,TD Wright Shipping Instruction,,3/31/2025 0:00,,,,,,,,
Thortsen Magnetics Co.,9424384,3/31/2025 0:00,cberschauer,23027.2,TRUE,TRUE,FALSE,,Origin,USA,Best Way,,3/31/2025 0:00,,,,,,,,
Vismec America Inc,9426253,3/31/2025 0:00,cberschauer,3465.2,FALSE,FALSE,FALSE,,Origin,USA,Best Way,,3/31/2025 0:00,,,,,,,,
Wendt Corporation,9426399,3/31/2025 0:00,mnuss,1170,TRUE,TRUE,FALSE,Released,Origin,USA,UPS Ground,,3/31/2025 0:00,,,,,,,,
West Coast Seed Mill Supply Co,9426193,3/31/2025 0:00,cberschauer,4576,FALSE,FALSE,FALSE,,Origin,USA,Best Way,TEL: 509-787-1544,3/31/2025 0:00,,,,,,,,
West Texas Protein Inc,9426435,3/31/2025 0:00,cberschauer,2656.25,TRUE,FALSE,FALSE,Cr Hold: 100% due - proforma sent 3/14,Origin,USA,Service Call,,3/31/2025 0:00,,,,,,,,
American International Manufacturing Company,9425755,4/1/2025 0:00,blafever,3805.92,TRUE,TRUE,FALSE,Released,EXW,USA,Best Way,,4/1/2025 0:00,,,,,,,,
Horizon Systems,9426552,4/1/2025 0:00,cberschauer,0,FALSE,FALSE,FALSE,,Origin,USA,Best Way,,4/1/2025 0:00,,,,,,,,
Louisiana Plastic Industries,9426356,4/1/2025 0:00,wregier,2500,TRUE,TRUE,FALSE,Released,EXW,USA,Service Call,,4/1/2025 0:00,,,,,,,,
Novatec Inc,9426351,4/1/2025 0:00,wregier,2782.9,TRUE,TRUE,FALSE,Released,Origin,USA,UPS Ground,Primary - UPS Collect #274-123Secondary - Fed Ex Collect #021217395See Routing Guide,4/1/2025 0:00,,,,,,,,
Novatec Inc,9426472,4/1/2025 0:00,wregier,774.9,TRUE,TRUE,FALSE,Released,Origin,USA,UPS Ground,Primary - UPS Collect #274-123Secondary - Fed Ex Collect #021217395See Routing Guide,4/1/2025 0:00,,,,,,,,
Westlake Compounds (fka Axiall Corp),9425599,4/1/2025 0:00,llujan,9340,TRUE,TRUE,FALSE,Released,Origin,USA,Best Way,,4/1/2025 0:00,,,,,,,,
Wyman's,9425251,4/1/2025 0:00,wregier,19703,TRUE,TRUE,FALSE,Released,EXW,Canada,Best Way,,4/1/2025 0:00,,,,,,,,
Battenfeld-Cincinnati USA,9426509,4/2/2025 0:00,cberschauer,5001.4,FALSE,FALSE,FALSE,,Origin,USA,UPS Ground,,12/31/2025 0:00,,,,,,,,
Fenimore Mfg Inc,9423435,4/2/2025 0:00,bvanhorn,34003,TRUE,TRUE,FALSE,Released,Origin,USA,Best Way,,4/2/2025 0:00,,,,,,,,
Globeius /  Plastics Solutions USA,9426598,4/2/2025 0:00,wregier,2066.4,TRUE,TRUE,FALSE,Released,Origin,USA,UPS Ground,NO EXPORT PAPERWORK,4/2/2025 0:00,,,,,,,,
Husky Injection Molding Systems Ltd,9426585,4/2/2025 0:00,cberschauer,7333.6,TRUE,TRUE,FALSE,Released,Origin,Canada,XPO Logistics,,4/2/2025 0:00,,,,,,,,
ID Images LLC,9425829,4/2/2025 0:00,bvanhorn,3533,FALSE,FALSE,FALSE,,Origin,USA,UPS Ground,,4/2/2025 0:00,,,,,,,,
Integrated Shredder Technology LLC,9425865,4/2/2025 0:00,ericb,69037,TRUE,TRUE,FALSE,CR HOLD: RELEASED,Origin,USA,Best Way,,4/2/2025 0:00,,,,,,,,
Noble Polymers,9423116,4/2/2025 0:00,llujan,23027.44,TRUE,TRUE,FALSE,Released,EXW,USA,Best Way,,4/2/2025 0:00,,,,,,,,
Novatec Inc,9426581,4/2/2025 0:00,wregier,3085.5,TRUE,TRUE,FALSE,Released,Origin,USA,Customer Carrier Account,Primary - UPS Collect #274-123Secondary - Fed Ex Collect #021217395See Routing Guide,4/2/2025 0:00,,,,,,,,
Purvis Bearing Service,9426098,4/2/2025 0:00,cberschauer,5373.7,TRUE,TRUE,FALSE,Released,Origin,USA,UPS 2nd Day Air,,4/2/2025 0:00,,,,,,,,
Cargill/Dry Corn/Food Ingred.,9426385,4/3/2025 0:00,wregier,215,FALSE,FALSE,FALSE,,Origin,USA,Fed-Ex Ground,,4/3/2025 0:00,,,,,,,,
Earthwise Plastics Inc,9426060,4/3/2025 0:00,cberschauer,2234,TRUE,TRUE,FALSE,Released,Origin,USA,Best Way,,4/3/2025 0:00,,,,,,,,
Empire Abrasive Equipment,9425938,4/3/2025 0:00,wregier,14404.95,FALSE,FALSE,FALSE,,Origin,USA,Customer Carrier Account,,4/3/2025 0:00,,,,,,,,
"Hoehn Plastics, Inc.",9426133,4/3/2025 0:00,wregier,10995,FALSE,FALSE,FALSE,,Origin,USA,Best Way,,4/3/2025 0:00,,,,,,,,
Intercan Group Limited,9424686,4/3/2025 0:00,bvanhorn,12832,TRUE,TRUE,FALSE,Released,Origin,United Kingdom,FedEx Freight Intl Economy,,4/3/2025 0:00,,,,,,,,
IPEG - International Plastics Equipment Group,9426494,4/3/2025 0:00,cberschauer,1761.2,FALSE,FALSE,FALSE,,Origin,USA,UPS Ground,"FED EX FREIGHT # 50334351FED EX PARCEL # 016504211UPS# 185657Valued Supplier:Our Conair Franklin PA location has changed the inbound freight carrier to Ark Transportation Ltd, starting immediately. Going forward, contact the following when scheduling domestic pickup/deliveries:http://my.arktransportation.com/webtrakwt/     User name : conair       Password : conairor  Email: ops@arktrans.com          Phone: 800-536-6088Please include with your request: Origin ZipDestination ZipPiece count, Weight, and Dimensions (L x W x H)Description of GoodsService Level Requested Any other special information about the shipment About Ark: We value our customers. We believe that customer service and communication should be the first priorities when working with a transportation and logistics provider. We do this by having quick response times, an operations team who utilizes technology to help you make your transportation decisions quickly and easily, and the ability to move your freight anywhere in the world. Review Arc’s leadtime service map on page 2. Advise me of any questions or concerns.   Thank you for your support.Dan MattasDirector of Purchasingdmattas@conairgroup.comThe Conair Group  /  IPEG, Inc.",4/3/2025 0:00,,,,,,,,
Thortsen Magnetics Co.,9426045,4/3/2025 0:00,cberschauer,11627.2,TRUE,TRUE,FALSE,,Origin,USA,Best Way,,4/3/2025 0:00,,,,,,,,
Alpha Recycling,9424627,4/4/2025 0:00,mnuss,5775.88,TRUE,TRUE,FALSE,Cr Hold: Cr App sent 1/22,EXW,USA,Best Way,,4/4/2025 0:00,,,,,,,,
American Battery Technology Company,9425960,4/4/2025 0:00,ericb,21540,TRUE,FALSE,FALSE,Cr Hold: Reminder of past dues,EXW,USA,Best Way,,4/4/2025 0:00,,,,,,,,
Belvac Machinery,9426560,4/4/2025 0:00,bvanhorn,345,TRUE,TRUE,FALSE,Released,Origin,Netherlands,FedEx Freight Intl Economy,,4/4/2025 0:00,,,,,,,,
CSI Closures,9425448,4/4/2025 0:00,rmitchell,18603.02,TRUE,TRUE,FALSE,Released,EXW,USA,Customer Carrier Account,,4/4/2025 0:00,,,,,,,,
Harris Material Exchange Inc.,9423573,4/4/2025 0:00,llujan,21950,TRUE,TRUE,FALSE,Released,Origin,USA,Best Way,,4/4/2025 0:00,,,,,,,,
Momentum Engineering & Manufacuring,9426244,4/4/2025 0:00,wregier,0,TRUE,TRUE,FALSE,Released,Origin,USA,Best Way,,4/4/2025 0:00,,,,,,,,
"Pacific Choice Brands, LLC",9425680,4/4/2025 0:00,wregier,3855.64,FALSE,FALSE,FALSE,,Origin,USA,Best Way,,4/4/2025 0:00,,,,,,,,
Procter & Gamble,9424544,4/4/2025 0:00,wregier,5782,TRUE,TRUE,FALSE,Cr Hold: Tax issue,Origin,USA,Customer Carrier Account,,4/4/2025 0:00,,,,,,,,
Procter & Gamble,9424545,4/4/2025 0:00,wregier,5782,TRUE,TRUE,FALSE,Cr Hold: Tax issue,Origin,USA,Customer Carrier Account,,4/4/2025 0:00,,,,,,,,
Procter & Gamble,9424546,4/4/2025 0:00,wregier,5782,TRUE,TRUE,FALSE,Cr Hold: Tax issue,Origin,USA,Customer Carrier Account,,4/4/2025 0:00,,,,,,,,
Savage Services,9426614,4/4/2025 0:00,llujan,3737.88,TRUE,FALSE,FALSE,,EXW,USA,Best Way,,4/4/2025 0:00,,,,,,,,
Thortsen Magnetics Co.,9424797,4/4/2025 0:00,mnuss,127382.4,TRUE,FALSE,FALSE,Cr Hold: 40% due - proforma sent 3/4,Origin,USA,Best Way,,3/31/2025 0:00,,,,,,,,
Thortsen Magnetics Co.,9425972,4/4/2025 0:00,ericb,1384,TRUE,TRUE,FALSE,,Origin,USA,Best Way,,4/4/2025 0:00,,,,,,,,
Thortsen Magnetics Co.,9426558,4/4/2025 0:00,cberschauer,5402.4,TRUE,TRUE,FALSE,Released,Origin,USA,Best Way,,4/4/2025 0:00,,,,,,,,
Thortsen Magnetics Co.,9426561,4/4/2025 0:00,mnuss,2228,TRUE,TRUE,FALSE,Released,Origin,USA,Best Way,,4/4/2025 0:00,,,,,,,,
Thortsen Magnetics Co.,9426562,4/4/2025 0:00,mnuss,1560,TRUE,TRUE,FALSE,Released,Origin,USA,UPS Ground,,4/4/2025 0:00,,,,,,,,
Wittmann Battenfeld Mexico SA de CV,9426450,4/4/2025 0:00,wregier,30608.5,TRUE,TRUE,FALSE,Released,Origin,USA,Best Way,ALWAYS SHIP TO INTERNCONTENTAL IN LAREDO VIA  FED EX GROUND PP/A - USE NO OTHER SHIP TO-,4/4/2025 0:00,,,,,,,,
Amcor Flexibles North America,9426208,4/7/2025 0:00,mnuss,3155,FALSE,FALSE,FALSE,,Origin,USA,Fed-Ex Ground,,4/7/2025 0:00,,,,,,,,
Campbell Soup Supply Company LLC,9426457,4/7/2025 0:00,tkoerner,790,TRUE,TRUE,FALSE,Released,Origin,USA,Best Way,,4/7/2025 0:00,,,,,,,,
Cargill Meat Solutions,9426512,4/7/2025 0:00,cberschauer,1839,TRUE,TRUE,FALSE,Released,Origin,Canada,Fed-Ex Ground,DENNIS_IWASIUK@CARGILL.COM,4/7/2025 0:00,,,,,,,,
IPEG - International Plastics Equipment Group,9425200,4/7/2025 0:00,cberschauer,1306.45,FALSE,FALSE,FALSE,,Origin,USA,UPS Ground,"FED EX FREIGHT # 50334351FED EX PARCEL # 016504211UPS# 185657Valued Supplier:Our Conair Franklin PA location has changed the inbound freight carrier to Ark Transportation Ltd, starting immediately. Going forward, contact the following when scheduling domestic pickup/deliveries:http://my.arktransportation.com/webtrakwt/     User name : conair       Password : conairor  Email: ops@arktrans.com          Phone: 800-536-6088Please include with your request: Origin ZipDestination ZipPiece count, Weight, and Dimensions (L x W x H)Description of GoodsService Level Requested Any other special information about the shipment About Ark: We value our customers. We believe that customer service and communication should be the first priorities when working with a transportation and logistics provider. We do this by having quick response times, an operations team who utilizes technology to help you make your transportation decisions quickly and easily, and the ability to move your freight anywhere in the world. Review Arc’s leadtime service map on page 2. Advise me of any questions or concerns.   Thank you for your support.Dan MattasDirector of Purchasingdmattas@conairgroup.comThe Conair Group  /  IPEG, Inc.",4/7/2025 0:00,,,,,,,,
OSH Solutions LLC,9426497,4/7/2025 0:00,wregier,227.9,TRUE,TRUE,FALSE,Released,EXW,USA,Best Way,,4/7/2025 0:00,,,,,,,,
"R.T. Kuntz Co., Inc.",9425211,4/7/2025 0:00,wregier,5236,TRUE,TRUE,FALSE,CR HOLD: RELEASED,Origin,USA,Best Way,,4/7/2025 0:00,,,,,,,,
Shick Esteve,9426500,4/7/2025 0:00,wregier,5802.4,FALSE,FALSE,FALSE,,Origin,USA,Customer Carrier Account,BLIND SHIPMENT USAED CUSTOMER,4/7/2025 0:00,,,,,,,,
Ag Partners LLC,9426320,4/8/2025 0:00,wregier,230.05,TRUE,TRUE,FALSE,Released,Origin,USA,UPS Ground,,4/8/2025 0:00,,,,,,,,
Ardagh Metal Packaging Brasil Ltda,9425735,4/8/2025 0:00,bvanhorn,120,TRUE,TRUE,FALSE,Released,EXW,Brazil,Best Way,,4/8/2025 0:00,,,,,,,,
Ardagh Metal Packaging Brasil Ltda,9425741,4/8/2025 0:00,bvanhorn,144,TRUE,TRUE,FALSE,Released,EXW,Brazil,Best Way,,4/8/2025 0:00,,,,,,,,
Bunting - Redditch,9426499,4/8/2025 0:00,wregier,9972,FALSE,FALSE,FALSE,,Origin,United Kingdom,Ocean Freight,,4/8/2025 0:00,,,,,,,,
Bunting - Redditch,9426599,4/8/2025 0:00,wregier,839,FALSE,FALSE,FALSE,,Origin,United Kingdom,Ocean Freight,,4/8/2025 0:00,,,,,,,,
Canadian Copacking Group Inc,9426402,4/8/2025 0:00,cberschauer,7250.5,TRUE,TRUE,FALSE,Released,Origin,Canada,Customer Carrier Account,,4/8/2025 0:00,,,,,,,,
East Jordan Plastics,9424841,4/8/2025 0:00,mnuss,13906,FALSE,FALSE,FALSE,,Origin,USA,Best Way,,4/8/2025 0:00,,,,,,,,
H&T Produktions Technologie GmbH,9424412,4/8/2025 0:00,ericb,32986.63,TRUE,TRUE,FALSE,Released,Origin,USA,Customer Carrier Account,,4/8/2025 0:00,,,,,,,,
Halverson Company,9424484,4/8/2025 0:00,llujan,32165.2,TRUE,TRUE,FALSE,Released,Origin,USA,Best Way,,4/8/2025 0:00,,,,,,,,
IPEG - International Plastics Equipment Group,9425637,4/8/2025 0:00,cberschauer,756.5,FALSE,FALSE,FALSE,,Origin,USA,UPS Ground,"FED EX FREIGHT # 50334351FED EX PARCEL # 016504211UPS# 185657Valued Supplier:Our Conair Franklin PA location has changed the inbound freight carrier to Ark Transportation Ltd, starting immediately. Going forward, contact the following when scheduling domestic pickup/deliveries:http://my.arktransportation.com/webtrakwt/     User name : conair       Password : conairor  Email: ops@arktrans.com          Phone: 800-536-6088Please include with your request: Origin ZipDestination ZipPiece count, Weight, and Dimensions (L x W x H)Description of GoodsService Level Requested Any other special information about the shipment About Ark: We value our customers. We believe that customer service and communication should be the first priorities when working with a transportation and logistics provider. We do this by having quick response times, an operations team who utilizes technology to help you make your transportation decisions quickly and easily, and the ability to move your freight anywhere in the world. Review Arc’s leadtime service map on page 2. Advise me of any questions or concerns.   Thank you for your support.Dan MattasDirector of Purchasingdmattas@conairgroup.comThe Conair Group  /  IPEG, Inc.",4/8/2025 0:00,,,,,,,,
Metal Flow Corp,9424457,4/8/2025 0:00,ericb,19668,TRUE,TRUE,FALSE,Released,Origin,USA,Best Way,,4/8/2025 0:00,,,,,,,,
Stolle Machinery Co LLC,9424393,4/8/2025 0:00,bvanhorn,9188,FALSE,FALSE,FALSE,,Origin,USA,Customer Carrier Account,,4/8/2025 0:00,,,,,,,,
Thomas Willcox Co. Inc,9426289,4/8/2025 0:00,wregier,1368,FALSE,FALSE,FALSE,,Origin,USA,UPS Ground,,4/8/2025 0:00,,,,,,,,
Thortsen Magnetics Co.,9426117,4/8/2025 0:00,cberschauer,950.4,TRUE,TRUE,FALSE,Released,Origin,USA,Best Way,,4/8/2025 0:00,,,,,,,,
POET,9425598,4/9/2025 0:00,cberschauer,6841.48,TRUE,TRUE,FALSE,Released,EXW,USA,Best Way,,4/9/2025 0:00,,,,,,,,
Wilber - Ellis Nutrition,9426612,4/9/2025 0:00,wregier,215,TRUE,TRUE,FALSE,Released w/ cc pre auth,EXW,USA,Best Way,,4/9/2025 0:00,,,,,,,,
Aqua Poly Equipment / ABF Sales & Support,9425763,4/10/2025 0:00,llujan,3917.65,FALSE,FALSE,FALSE,,Origin,USA,Best Way,,4/10/2025 0:00,,,,,,,,
Bench Industries,9426567,4/10/2025 0:00,cberschauer,3055.5,TRUE,FALSE,FALSE,,Origin,USA,Best Way,,4/10/2025 0:00,,,,,,,,
Frontier Co-Op,9426394,4/10/2025 0:00,wregier,7700,FALSE,FALSE,FALSE,,Origin,USA,Best Way,,4/10/2025 0:00,,,,,,,,
Husky Injection Molding Systems (Shanghai) Ltd,9424559,4/10/2025 0:00,cberschauer,2301.6,TRUE,TRUE,FALSE,Released,EXW,China,DHL International,"LILIU@HUSAKY.CABruce LinLin, Bo (Shanghai) <blin@husky.ca>SCHEDULE ORDERS 3 WEEKS EARLIER TO ALLOW FOR  TRANSPORT TIME TO SHANGHAI",4/10/2025 0:00,,,,,,,,
ITW Sexton,9425861,4/10/2025 0:00,bvanhorn,3946,TRUE,TRUE,FALSE,Released,Origin,USA,Best Way,,4/10/2025 0:00,,,,,,,,
Kenagy Family Farm,9425406,4/10/2025 0:00,blafever,3485,TRUE,TRUE,FALSE,Released,EXW,USA,Best Way,,4/10/2025 0:00,,,,,,,,
Morton Salt / Kissner,9424205,4/10/2025 0:00,cberschauer,3648,FALSE,FALSE,FALSE,,Origin,USA,Best Way,,4/10/2025 0:00,,,,,,,,
Signode,9426064,4/10/2025 0:00,ericb,4160,TRUE,TRUE,FALSE,Released,EXW,USA,Best Way,,4/10/2025 0:00,,,,,,,,
Stanislaus Food Products,9425922,4/10/2025 0:00,ericb,17595.3,TRUE,TRUE,FALSE,Released,Origin,USA,Best Way,,4/10/2025 0:00,,,,,,,,
Davis-Standard Corp.,9425677,4/11/2025 0:00,wregier,2043.4,TRUE,TRUE,FALSE,Released,Origin,USA,Fed-Ex Ground,>150LBS FEDEX COLLECT 00290826Alternate use UPS # 025783,4/11/2025 0:00,,,,,,,,
"Desco Machine Company, LLC",9425442,4/11/2025 0:00,bvanhorn,8223.75,FALSE,FALSE,FALSE,,Origin,USA,Fed-Ex FREIGHT ECONOMY,,4/11/2025 0:00,,,,,,,,
Husky Injection Molding Systems (Shanghai) Ltd,9424729,4/11/2025 0:00,cberschauer,5298.9,TRUE,TRUE,FALSE,Released,Origin,China,DHL International,"LILIU@HUSAKY.CABruce LinLin, Bo (Shanghai) <blin@husky.ca>SCHEDULE ORDERS 3 WEEKS EARLIER TO ALLOW FOR  TRANSPORT TIME TO SHANGHAI",4/11/2025 0:00,,,,,,,,
Jellycat Inc.,9424322,4/11/2025 0:00,llujan,51634,TRUE,TRUE,FALSE,Released,EXW,USA,Best Way,,4/11/2025 0:00,,,,,,,,
"Sanjo Machine Works, Ltd",9425470,4/11/2025 0:00,bvanhorn,11182.6,FALSE,FALSE,FALSE,,Origin,Japan,Fed-Ex International Economy,,4/11/2025 0:00,,,,,,,,
Evertrak,9425831,4/14/2025 0:00,cberschauer,16290,TRUE,TRUE,FALSE,Released,EXW,USA,Best Way,,4/14/2025 0:00,,,,,,,,
Husky Injection Molding Systems Ltd,9426251,4/14/2025 0:00,cberschauer,2997.3,TRUE,TRUE,FALSE,Released,Origin,Canada,Fed-Ex Ground,,4/14/2025 0:00,,,,,,,,
Nutrisol Solutions,9426460,4/14/2025 0:00,cberschauer,10297.06,TRUE,TRUE,FALSE,Released,EXW,USA,Best Way,,4/14/2025 0:00,,,,,,,,
Thortsen Magnetics Co.,9425969,4/14/2025 0:00,cberschauer,20969.6,TRUE,TRUE,FALSE,,Origin,USA,Best Way,,4/14/2025 0:00,,,,,,,,
DISPAC SA de CV,9425738,4/15/2025 0:00,wregier,2487.6,TRUE,TRUE,FALSE,Released,Origin,Mexico,UPS Standard Intl,,4/15/2025 0:00,,,,,,,,
Milacron LLC,9425795,4/15/2025 0:00,wregier,2004.69,TRUE,TRUE,FALSE,Released,EXW,USA,UPS Ground,DO NOT INSURE--NO STYROFOAMPNT# 232 SIGNAL WHITE,4/15/2025 0:00,,,,,,,,
Sugarman of Vermont,9424939,4/15/2025 0:00,llujan,3440,FALSE,FALSE,FALSE,,Origin,USA,Service Call,,4/15/2025 0:00,,,,,,,,
Thortsen Magnetics Co.,9423419,4/15/2025 0:00,cberschauer,16639.2,TRUE,TRUE,FALSE,,Origin,USA,Best Way,,4/15/2025 0:00,,,,,,,,
Weima America Inc.,9422801,4/15/2025 0:00,ericb,81277,TRUE,TRUE,FALSE,CR HOLD: RELEASED,Origin,USA,Customer Carrier Account,,4/15/2025 0:00,,,,,,,,
WNA Chelmsford / Novolex,9424812,4/15/2025 0:00,llujan,5248,TRUE,TRUE,FALSE,Released,Origin,USA,Service Call,,4/15/2025 0:00,,,,,,,,
Zeppelin Systems USA Inc,9419950,4/15/2025 0:00,cberschauer,26086.5,FALSE,FALSE,FALSE,,Origin,USA,Best Way,,12/31/2025 0:00,,,,,,,,
Cairnspring Mills,9425977,4/16/2025 0:00,cberschauer,7603.06,TRUE,TRUE,FALSE,Released,EXW,USA,Best Way,,4/16/2025 0:00,,,,,,,,
Davis-Standard Corp.,9426339,4/16/2025 0:00,wregier,11458,TRUE,TRUE,FALSE,Released,Origin,USA,Fed-Ex Ground,>150LBS FEDEX COLLECT 00290826Alternate use UPS # 025783,4/16/2025 0:00,,,,,,,,
"Feintool Tennessee, Inc",9421616,4/16/2025 0:00,ericb,76645,TRUE,TRUE,FALSE,CR HOLD: RELEASED,Origin,USA,Best Way,,3/14/2025 0:00,,,,,,,,
IPEG - International Plastics Equipment Group,9425911,4/16/2025 0:00,cberschauer,839.8,FALSE,FALSE,FALSE,,Origin,USA,Customer Carrier Account,"FED EX FREIGHT # 50334351FED EX PARCEL # 016504211UPS# 185657Valued Supplier:Our Conair Franklin PA location has changed the inbound freight carrier to Ark Transportation Ltd, starting immediately. Going forward, contact the following when scheduling domestic pickup/deliveries:http://my.arktransportation.com/webtrakwt/     User name : conair       Password : conairor  Email: ops@arktrans.com          Phone: 800-536-6088Please include with your request: Origin ZipDestination ZipPiece count, Weight, and Dimensions (L x W x H)Description of GoodsService Level Requested Any other special information about the shipment About Ark: We value our customers. We believe that customer service and communication should be the first priorities when working with a transportation and logistics provider. We do this by having quick response times, an operations team who utilizes technology to help you make your transportation decisions quickly and easily, and the ability to move your freight anywhere in the world. Review Arc’s leadtime service map on page 2. Advise me of any questions or concerns.   Thank you for your support.Dan MattasDirector of Purchasingdmattas@conairgroup.comThe Conair Group  /  IPEG, Inc.",4/16/2025 0:00,,,,,,,,
T & B Tube,9424830,4/16/2025 0:00,blafever,28410,TRUE,TRUE,FALSE,Released,Origin,USA,Best Way,,4/16/2025 0:00,,,,,,,,
Westlake Compounds (fka Axiall Corp),9425601,4/16/2025 0:00,llujan,16052,TRUE,TRUE,FALSE,Released,Origin,USA,Best Way,,4/16/2025 0:00,,,,,,,,
Land O'Lakes,9426420,4/17/2025 0:00,cberschauer,3180,TRUE,TRUE,FALSE,Released,Origin,USA,Best Way,,4/17/2025 0:00,,,,,,,,
Worthington Enterprises,9426155,4/17/2025 0:00,blafever,1176,FALSE,FALSE,FALSE,,Origin,USA,UPS Ground,,4/17/2025 0:00,,,,,,,,
Applied Industrial Technologies,9426166,4/18/2025 0:00,bvanhorn,1643.4,FALSE,FALSE,FALSE,,Origin,USA,UPS Ground,NO INSURANCE FOR SHIPPING,4/18/2025 0:00,,,,,,,,
Ecore International,9425760,4/18/2025 0:00,mnuss,7900.18,FALSE,FALSE,FALSE,,Origin,USA,Best Way,,4/18/2025 0:00,,,,,,,,
Moore,9425652,4/18/2025 0:00,bvanhorn,5690,TRUE,TRUE,FALSE,Released,EXW,USA,Best Way,,4/18/2025 0:00,,,,,,,,
Simona Boltaron Inc,9425702,4/18/2025 0:00,llujan,18826,TRUE,TRUE,FALSE,Released,Origin,USA,Best Way,,4/18/2025 0:00,,,,,,,,
In-N-Out Burgers,9426121,4/21/2025 0:00,llujan,55329,FALSE,FALSE,FALSE,,Origin,USA,Best Way,,4/21/2025 0:00,,,,,,,,
Schreiber Foods Inc,9426261,4/21/2025 0:00,wregier,6511.75,TRUE,TRUE,FALSE,Released,EXW,USA,Best Way,,4/21/2025 0:00,,,,,,,,
Shick Esteve,9422223,4/21/2025 0:00,wregier,10476.8,FALSE,FALSE,FALSE,,Origin,USA,Customer Carrier Account,BLIND SHIPMENT USAED CUSTOMER,4/21/2025 0:00,,,,,,,,
"Trew North Industries, Inc.",9423761,4/21/2025 0:00,llujan,31350,TRUE,TRUE,FALSE,Released,EXW,Canada,Customer Carrier Account,,4/21/2025 0:00,,,,,,,,
US Extruders Inc,9426493,4/21/2025 0:00,wregier,1234,FALSE,FALSE,FALSE,,Origin,USA,UPS Ground,,4/21/2025 0:00,,,,,,,,
Weima America Inc.,9422405,4/21/2025 0:00,ericb,96611,TRUE,TRUE,FALSE,Released,Origin,USA,Customer Carrier Account,,4/21/2025 0:00,,,,,,,,
The Azek Company,9425815,4/22/2025 0:00,mnuss,12521,TRUE,TRUE,FALSE,,EXW,USA,Best Way,,4/22/2025 0:00,,,,,,,,
Wilco Equipment Company Inc,9426444,4/22/2025 0:00,cberschauer,8520,TRUE,TRUE,FALSE,Released: w/ cc pre auth,EXW,USA,UPS Ground,,4/22/2025 0:00,,,,,,,,
Durham Manufacturing Company,9425857,4/23/2025 0:00,blafever,7760,FALSE,FALSE,FALSE,,Origin,USA,Best Way,,4/23/2025 0:00,,,,,,,,
Dynamic Conveyor Corporation,9425889,4/23/2025 0:00,llujan,6288.3,TRUE,TRUE,FALSE,Released,Origin,USA,UPS WorldWide Saver,,4/23/2025 0:00,,,,,,,,
Stolle Machinery Co LLC,9425813,4/23/2025 0:00,bvanhorn,16272,FALSE,FALSE,FALSE,,Origin,USA,Customer Carrier Account,,4/23/2025 0:00,,,,,,,,
Trex Company,9426549,4/23/2025 0:00,mnuss,30053,TRUE,TRUE,FALSE,Released,Origin,USA,Best Way,MAIN FAX 540-678-8139,4/23/2025 0:00,,,,,,,,
Bull Moose Tube,9424898,4/24/2025 0:00,blafever,48560,FALSE,FALSE,FALSE,,EXW,USA,Best Way,,4/24/2025 0:00,,,,,,,,
Bull Moose Tube,9425913,4/24/2025 0:00,ericb,24155,TRUE,FALSE,FALSE,Cr Hold: 50% due - proforma to be sent 3/28,Origin,USA,Best Way,,4/24/2025 0:00,,,,,,,,
Morimatsu,9425520,4/24/2025 0:00,wregier,72752.82,TRUE,TRUE,FALSE,Released,EXW,China,Customer Carrier Account,,4/24/2025 0:00,,,,,,,,
Cargill Taylor Beef,9426438,4/25/2025 0:00,wregier,48109.16,TRUE,FALSE,FALSE,Cr Hold: 40% due - proforma sent 3/14,Origin,USA,FedEX FREIGHT PRIORITY,,4/25/2025 0:00,,,,,,,,
Convergix Automation,9426556,4/25/2025 0:00,ericb,19808.4,TRUE,TRUE,FALSE,Released,Origin,USA,Customer Carrier Account,,4/25/2025 0:00,,,,,,,,
Fenimore Mfg Inc,9425369,4/25/2025 0:00,bvanhorn,16397,TRUE,TRUE,FALSE,Released,Origin,USA,Best Way,,4/25/2025 0:00,,,,,,,,
Uniloy Inc,9425184,4/25/2025 0:00,wregier,1939.7,FALSE,FALSE,FALSE,,Origin,USA,UPS Ground,,4/25/2025 0:00,,,,,,,,
Echo Industries Inc.,9426522,4/28/2025 0:00,llujan,11019,FALSE,FALSE,FALSE,,Origin,USA,Customer Carrier Account,,4/28/2025 0:00,,,,,,,,
Whirlpool Corporation,9426318,4/28/2025 0:00,ericb,12465,TRUE,TRUE,FALSE,Released,Origin,USA,Best Way,,4/28/2025 0:00,,,,,,,,
Husky Injection Molding Systems (Shanghai) Ltd,9425862,4/29/2025 0:00,cberschauer,22065.82,TRUE,TRUE,FALSE,Released,Origin,China,DHL International,"LILIU@HUSAKY.CABruce LinLin, Bo (Shanghai) <blin@husky.ca>SCHEDULE ORDERS 3 WEEKS EARLIER TO ALLOW FOR  TRANSPORT TIME TO SHANGHAI",4/29/2025 0:00,,,,,,,,
Andersen Corp,9426468,4/30/2025 0:00,llujan,3440,TRUE,TRUE,FALSE,Released,Origin,USA,Service Call,,4/30/2025 0:00,,,,,,,,
AVI Entrust Corp,9425589,4/30/2025 0:00,llujan,5304.7,TRUE,TRUE,FALSE,Released,EXW,USA,Service Call,,4/30/2025 0:00,,,,,,,,
CTI Foods - Bean Plant,9426464,4/30/2025 0:00,cberschauer,2500,FALSE,FALSE,FALSE,,Origin,USA,Service Call,,4/30/2025 0:00,,,,,,,,
Edlong,9424554,4/30/2025 0:00,wregier,3859,FALSE,FALSE,FALSE,,Origin,USA,Best Way,,4/30/2025 0:00,,,,,,,,
Excalibur Seasoning Co.,9421936,4/30/2025 0:00,llujan,35858,TRUE,TRUE,FALSE,CR HOLD: RELEASED,Origin,USA,Best Way,,4/30/2025 0:00,,,,,,,,
Firmenich,9424982,4/30/2025 0:00,llujan,3706.6,TRUE,TRUE,FALSE,Released,Origin,USA,Service Call,,4/30/2025 0:00,,,,,,,,
Hersmex S de RL de CV,9426319,4/30/2025 0:00,llujan,4800,TRUE,TRUE,FALSE,Released,Origin,Mexico,Service Call,"CHAIMLOZANO@HERSHEYS.COM05-14-20,  I sent to Antonio Garcia the P-tron testing using the Bunting testers patterns and Hershey´s testers patterns.  He will review with quality area 05-26-20. I sente to Antonio Garcia the P-Tron testing using the material (Sugar)  did they send to Newton previously. 05-28-20  I spoke with Antonio to know about this information, They will have a meeting this week to take a decision.  I will call them next week.",4/30/2025 0:00,,,,,,,,
HMC Marketing / HMC Fresh Foods LLC,9425959,4/30/2025 0:00,llujan,3542.34,TRUE,TRUE,FALSE,Released,Origin,USA,Service Call,,4/30/2025 0:00,,,,,,,,
IPEG - International Plastics Equipment Group,9425390,4/30/2025 0:00,cberschauer,14871.6,FALSE,FALSE,FALSE,,Origin,USA,Customer Carrier Account,"FED EX FREIGHT # 50334351FED EX PARCEL # 016504211UPS# 185657Valued Supplier:Our Conair Franklin PA location has changed the inbound freight carrier to Ark Transportation Ltd, starting immediately. Going forward, contact the following when scheduling domestic pickup/deliveries:http://my.arktransportation.com/webtrakwt/     User name : conair       Password : conairor  Email: ops@arktrans.com          Phone: 800-536-6088Please include with your request: Origin ZipDestination ZipPiece count, Weight, and Dimensions (L x W x H)Description of GoodsService Level Requested Any other special information about the shipment About Ark: We value our customers. We believe that customer service and communication should be the first priorities when working with a transportation and logistics provider. We do this by having quick response times, an operations team who utilizes technology to help you make your transportation decisions quickly and easily, and the ability to move your freight anywhere in the world. Review Arc’s leadtime service map on page 2. Advise me of any questions or concerns.   Thank you for your support.Dan MattasDirector of Purchasingdmattas@conairgroup.comThe Conair Group  /  IPEG, Inc.",4/30/2025 0:00,,,,,,,,
J. Rettenmaier USA LP,9425256,4/30/2025 0:00,rmitchell,3440,TRUE,TRUE,FALSE,Released,Origin,USA,Service Call,,4/30/2025 0:00,,,,,,,,
Redmond Trading Company LC,9414636,4/30/2025 0:00,llujan,1995,FALSE,TRUE,FALSE,RELEASED: see memo,Origin,USA,Service Call,,4/30/2025 0:00,,,,,,,,
"Roy O Martin (Corrigan OSB, LLC)",9421502,4/30/2025 0:00,blafever,312884.26,TRUE,TRUE,FALSE,CR HOLD: RELEASED,EXW,USA,Best Way,,4/30/2025 0:00,,,,,,,,
Silos Y Camiones SA de CV,9425976,4/30/2025 0:00,llujan,4800,TRUE,TRUE,FALSE,Released,EXW,Mexico,Service Call,"LAREDO, TX = WAREHOUSAE (FOR",4/30/2025 0:00,,,,,,,,
TE Connectivity,9425107,4/30/2025 0:00,llujan,5200,FALSE,FALSE,FALSE,,Origin,USA,Service Call,"USAE FED EX GROUND 3RD PARTY04-20-20, Rafael Lopez request to update the quote of the MD Metron 07 150 Flat Line, FDC 8-84 . He needs 6 units to quote. I did send to Inside sales this RFQ.04-20-20, Bob Van Horne sent to Rafael the quote updated04-21-20 Rafael called me to expalin that they need to place the P.O of one unit thta is urgently. The others 5 units they will let us know if June or July depends of the Covid issues.05-27-20  Rafael Lopez told me that TE is prioritzing all projects becouse they closed for two months for COVID19, they wont buy the othe,rs 5 units at the same time, they will be buying one by one.  05-27-20  He´s requiring  to quote one unit of the 5 pending to pruchase. Model (Metron 07 150 Flatline, FDC 8 - 84 for Roboshot 110B) , I did send the RFQ to insidesales.05-29-20  He´s requiring  to quote one  under the press Metron 07 150 Flatline, FDC 12 - 72 w/ auto controls , I did send the RFQ to insidesales",4/30/2025 0:00,,,,,,,,
Trex Company,9419609,4/30/2025 0:00,rmitchell,50596,TRUE,TRUE,FALSE,CR HOLD: RELEASED,Origin,USA,Best Way,MAIN FAX 540-678-8139,12/31/2025 0:00,,,,,,,,
Universal Dynamics Corp.,9426461,4/30/2025 0:00,wregier,751.4,FALSE,FALSE,FALSE,,Origin,USA,UPS Ground,"Make sure that the ""Ref"" number is shown on order an packing listChanging paint color on all units to PNT# 322   RAL7046    4-2-18",4/30/2025 0:00,,,,,,,,
Intercan Group Limited,9426051,5/1/2025 0:00,bvanhorn,3984,TRUE,TRUE,FALSE,Released,Origin,United Kingdom,FedEx Freight Intl Economy,,5/1/2025 0:00,,,,,,,,
Shanghai United Can Co. Ltd,9425477,5/1/2025 0:00,bvanhorn,6120,TRUE,TRUE,FALSE,Released,Origin,China,Customer Carrier Account,,5/1/2025 0:00,,,,,,,,
CT Polymers,9426374,5/2/2025 0:00,llujan,15780,TRUE,TRUE,FALSE,,EXW,USA,Best Way,,5/2/2025 0:00,,,,,,,,
"Desco Machine Company, LLC",9426159,5/2/2025 0:00,bvanhorn,8223.75,FALSE,FALSE,FALSE,,Origin,USA,Fed-Ex FREIGHT ECONOMY,,5/2/2025 0:00,,,,,,,,
Fenimore Mfg Inc,9425370,5/2/2025 0:00,bvanhorn,16397,TRUE,TRUE,FALSE,Released,Origin,USA,Best Way,,5/2/2025 0:00,,,,,,,,
HC Companies,9425715,5/2/2025 0:00,mnuss,4725,TRUE,TRUE,FALSE,Released,Origin,USA,Best Way,,5/2/2025 0:00,,,,,,,,
Indorama Ventures Sustainable Recycling LLC,9426535,5/2/2025 0:00,mnuss,5209,FALSE,FALSE,FALSE,,Origin,USA,Best Way,,5/2/2025 0:00,,,,,,,,
La Flor Products Co. Inc,9425295,5/2/2025 0:00,bvanhorn,27000,TRUE,TRUE,FALSE,Released,Origin,USA,Best Way,,5/2/2025 0:00,,,,,,,,
Milacron LLC,9426100,5/2/2025 0:00,wregier,13870.3,TRUE,TRUE,FALSE,Released,Origin,USA,Dayton Freight,DO NOT INSURE--NO STYROFOAMPNT# 232 SIGNAL WHITE,5/2/2025 0:00,,,,,,,,
Motion Industries - IN22,9424854,5/2/2025 0:00,ericb,25551,TRUE,TRUE,FALSE,Released,Origin,USA,Best Way,,5/2/2025 0:00,,,,,,,,
"Interflex, LLC",9426171,5/5/2025 0:00,bvanhorn,21083.4,FALSE,FALSE,FALSE,,Origin,USA,Customer Carrier Account,"Historical shipping problems wtih this customer:04/23  Tony Leanna at Interflex - ""We just opened the boxes for the above magnetic cylinders and found that they are just laying on the bottom of the box.No cradles or foam support at all with a single layer of small bubble wrap around the body.""02/24  Tony Leanna at Interflex - ""I TOLD you a long time ago that just white FOAM cradles are not enough the handle the weight of these rolls.Plus, you put nothing as a side support to stop the roll from shifting from side to side again.""1.",Crate length will be sized to prevent lateral movement.2.,Crate ends will be secured with Groove or V-Blocks at 2” from crate floor. .3.,Crate width will be sized within 2” of the cylinder diameter.4.,Crate will be constructed with 2” thick boards for base and sidewall protection.5.,"Expansion packs will be used to eliminate voids in corners, and as protection to the cylinder surfaces.6.",A particle board lid will be secured to the top after expansion packs are placed on top of cylinder and evaluated for adequate coverage.7.,Crate feet should allow a 4” gap for using skid forks. 8. ,"Width of the crate feet should be at minimum, equal to the the height of the crate to reduce risk of tipping.9.             Apply  “DO_NOT_TIP” stickers to adjacent sides and attached a “DO_NOT_STACK” cone to the top.",5/5/2025 0:00
Plastipak Packaging Inc,9426419,5/5/2025 0:00,mnuss,7908,TRUE,TRUE,FALSE,Released,Origin,USA,Customer Carrier Account,,5/5/2025 0:00,,,,,,,,
Stolle Machinery Co LLC,9425276,5/5/2025 0:00,bvanhorn,1290,FALSE,FALSE,FALSE,,Origin,USA,Customer Carrier Account,,5/5/2025 0:00,,,,,,,,
Pacur,9426077,5/6/2025 0:00,ericb,54540,TRUE,TRUE,FALSE,Released,EXW,USA,Best Way,,5/6/2025 0:00,,,,,,,,
CSI Closures,9426378,5/7/2025 0:00,llujan,17734.18,TRUE,TRUE,FALSE,Released,EXW,USA,Customer Carrier Account,,5/7/2025 0:00,,,,,,,,
Global Plastics Equipment & Services LLC,9426379,5/7/2025 0:00,llujan,28123.1,TRUE,TRUE,FALSE,Released,Origin,USA,Customer Carrier Account,,5/7/2025 0:00,,,,,,,,
Aqua Poly Equipment / ABF Sales & Support,9426409,5/8/2025 0:00,tkoerner,3436.55,FALSE,FALSE,FALSE,,Origin,USA,Customer Carrier Account,,5/8/2025 0:00,,,,,,,,
Ball Metal Container (Printing),9426333,5/8/2025 0:00,bvanhorn,3680,TRUE,TRUE,FALSE,Released,Origin,USA,Customer Carrier Account,PRINT PREVIEW WITHIN EPICOREEMAIL INVOICE TO CONTACTS,5/8/2025 0:00,,,,,,,,
Diamond Star Products Inc,9426170,5/9/2025 0:00,llujan,8621,TRUE,TRUE,FALSE,Released,Origin,USA,Best Way,,5/9/2025 0:00,,,,,,,,
Fenimore Mfg Inc,9425371,5/9/2025 0:00,bvanhorn,30333,TRUE,TRUE,FALSE,Released,Origin,USA,Best Way,,5/9/2025 0:00,,,,,,,,
Miller Milling Co,9426467,5/9/2025 0:00,llujan,16668.57,TRUE,TRUE,FALSE,,Origin,USA,Best Way,,5/9/2025 0:00,,,,,,,,
Return Polymers,9424720,5/9/2025 0:00,blafever,100450,TRUE,TRUE,FALSE,CR HOLD: RELEASED,Origin,USA,Best Way,,5/9/2025 0:00,,,,,,,,
Berry Global,9425753,5/12/2025 0:00,llujan,20226,TRUE,TRUE,FALSE,Released,Origin,USA,Customer Carrier Account,,5/12/2025 0:00,,,,,,,,
"ISCO Industries, Inc.",9423593,5/12/2025 0:00,blafever,68966.08,TRUE,TRUE,FALSE,Released,EXW,USA,Best Way,,5/12/2025 0:00,,,,,,,,
Weima America Inc.,9425698,5/12/2025 0:00,ericb,28971.4,TRUE,TRUE,FALSE,Released,Origin,USA,Customer Carrier Account,,5/12/2025 0:00,,,,,,,,
Arkansas Mill Supply,9426439,5/14/2025 0:00,ericb,19593,TRUE,TRUE,FALSE,Released,EXW,USA,XPO Logistics,,5/14/2025 0:00,,,,,,,,
HM Richards Inc,9426587,5/14/2025 0:00,llujan,6921.83,TRUE,FALSE,FALSE,Cr Hold: 100% due - proforma sent 3/17,EXW,USA,Best Way,,5/14/2025 0:00,,,,,,,,
S&H Systems,9426610,5/14/2025 0:00,llujan,25548,TRUE,TRUE,FALSE,Released,EXW,USA,Customer Carrier Account,,5/14/2025 0:00,,,,,,,,
Ball Metal Container (Printing),9426410,5/15/2025 0:00,bvanhorn,8160,TRUE,TRUE,FALSE,Released,Origin,USA,Customer Carrier Account,PRINT PREVIEW WITHIN EPICOREEMAIL INVOICE TO CONTACTS,5/15/2025 0:00,,,,,,,,
Bel Brands,9423820,5/15/2025 0:00,llujan,38894,TRUE,TRUE,FALSE,Released,Origin,USA,Best Way,,3/21/2025 0:00,,,,,,,,
Bel Brands,9424323,5/15/2025 0:00,llujan,38894,TRUE,TRUE,FALSE,Released,Origin,USA,Best Way,,3/25/2025 0:00,,,,,,,,
IPEG - International Plastics Equipment Group,9426023,5/15/2025 0:00,cberschauer,713.15,FALSE,FALSE,FALSE,,Origin,USA,UPS Ground,"FED EX FREIGHT # 50334351FED EX PARCEL # 016504211UPS# 185657Valued Supplier:Our Conair Franklin PA location has changed the inbound freight carrier to Ark Transportation Ltd, starting immediately. Going forward, contact the following when scheduling domestic pickup/deliveries:http://my.arktransportation.com/webtrakwt/     User name : conair       Password : conairor  Email: ops@arktrans.com          Phone: 800-536-6088Please include with your request: Origin ZipDestination ZipPiece count, Weight, and Dimensions (L x W x H)Description of GoodsService Level Requested Any other special information about the shipment About Ark: We value our customers. We believe that customer service and communication should be the first priorities when working with a transportation and logistics provider. We do this by having quick response times, an operations team who utilizes technology to help you make your transportation decisions quickly and easily, and the ability to move your freight anywhere in the world. Review Arc’s leadtime service map on page 2. Advise me of any questions or concerns.   Thank you for your support.Dan MattasDirector of Purchasingdmattas@conairgroup.comThe Conair Group  /  IPEG, Inc.",5/20/2025 0:00,,,,,,,,
Kase Equipment Corporation,9425874,5/16/2025 0:00,bvanhorn,50041.2,TRUE,FALSE,FALSE,Cr Hold: 40% due - proforma sent 2/26,Origin,USA,Best Way,,5/16/2025 0:00,,,,,,,,
Purvis Industries,9422197,5/16/2025 0:00,llujan,73701.85,TRUE,TRUE,FALSE,CR HOLD: RELEASED,Origin,USA,Best Way,,5/16/2025 0:00,,,,,,,,
Ventura Foods,9426056,5/16/2025 0:00,cberschauer,34956,TRUE,TRUE,FALSE,Released,Origin,USA,Best Way,,5/16/2025 0:00,,,,,,,,
Westlake Royal Building Products,9425306,5/16/2025 0:00,bvanhorn,22684,TRUE,TRUE,FALSE,Released,EXW,Canada,Customer Carrier Account,,5/16/2025 0:00,,,,,,,,
IPEG - International Plastics Equipment Group,9425883,5/19/2025 0:00,cberschauer,1513,FALSE,FALSE,FALSE,,Origin,USA,UPS Ground,"FED EX FREIGHT # 50334351FED EX PARCEL # 016504211UPS# 185657Valued Supplier:Our Conair Franklin PA location has changed the inbound freight carrier to Ark Transportation Ltd, starting immediately. Going forward, contact the following when scheduling domestic pickup/deliveries:http://my.arktransportation.com/webtrakwt/     User name : conair       Password : conairor  Email: ops@arktrans.com          Phone: 800-536-6088Please include with your request: Origin ZipDestination ZipPiece count, Weight, and Dimensions (L x W x H)Description of GoodsService Level Requested Any other special information about the shipment About Ark: We value our customers. We believe that customer service and communication should be the first priorities when working with a transportation and logistics provider. We do this by having quick response times, an operations team who utilizes technology to help you make your transportation decisions quickly and easily, and the ability to move your freight anywhere in the world. Review Arc’s leadtime service map on page 2. Advise me of any questions or concerns.   Thank you for your support.Dan MattasDirector of Purchasingdmattas@conairgroup.comThe Conair Group  /  IPEG, Inc.",5/19/2025 0:00,,,,,,,,
IPEG - International Plastics Equipment Group,9425887,5/19/2025 0:00,cberschauer,1513,FALSE,FALSE,FALSE,,Origin,USA,UPS Ground,"FED EX FREIGHT # 50334351FED EX PARCEL # 016504211UPS# 185657Valued Supplier:Our Conair Franklin PA location has changed the inbound freight carrier to Ark Transportation Ltd, starting immediately. Going forward, contact the following when scheduling domestic pickup/deliveries:http://my.arktransportation.com/webtrakwt/     User name : conair       Password : conairor  Email: ops@arktrans.com          Phone: 800-536-6088Please include with your request: Origin ZipDestination ZipPiece count, Weight, and Dimensions (L x W x H)Description of GoodsService Level Requested Any other special information about the shipment About Ark: We value our customers. We believe that customer service and communication should be the first priorities when working with a transportation and logistics provider. We do this by having quick response times, an operations team who utilizes technology to help you make your transportation decisions quickly and easily, and the ability to move your freight anywhere in the world. Review Arc’s leadtime service map on page 2. Advise me of any questions or concerns.   Thank you for your support.Dan MattasDirector of Purchasingdmattas@conairgroup.comThe Conair Group  /  IPEG, Inc.",5/19/2025 0:00,,,,,,,,
Trex Company,9425391,5/19/2025 0:00,mnuss,49060,TRUE,TRUE,FALSE,CR HOLD: RELEASED,Origin,USA,Best Way,MAIN FAX 540-678-8139,5/19/2025 0:00,,,,,,,,
Cargill,9425556,5/20/2025 0:00,cberschauer,3937.68,FALSE,FALSE,FALSE,,Origin,USA,Best Way,,5/20/2025 0:00,,,,,,,,
IPEG - International Plastics Equipment Group,9425681,5/20/2025 0:00,cberschauer,613.7,FALSE,FALSE,FALSE,,Origin,USA,UPS Ground,"FED EX FREIGHT # 50334351FED EX PARCEL # 016504211UPS# 185657Valued Supplier:Our Conair Franklin PA location has changed the inbound freight carrier to Ark Transportation Ltd, starting immediately. Going forward, contact the following when scheduling domestic pickup/deliveries:http://my.arktransportation.com/webtrakwt/     User name : conair       Password : conairor  Email: ops@arktrans.com          Phone: 800-536-6088Please include with your request: Origin ZipDestination ZipPiece count, Weight, and Dimensions (L x W x H)Description of GoodsService Level Requested Any other special information about the shipment About Ark: We value our customers. We believe that customer service and communication should be the first priorities when working with a transportation and logistics provider. We do this by having quick response times, an operations team who utilizes technology to help you make your transportation decisions quickly and easily, and the ability to move your freight anywhere in the world. Review Arc’s leadtime service map on page 2. Advise me of any questions or concerns.   Thank you for your support.Dan MattasDirector of Purchasingdmattas@conairgroup.comThe Conair Group  /  IPEG, Inc.",5/20/2025 0:00,,,,,,,,
CSI Closures,9426365,5/21/2025 0:00,llujan,13979.55,TRUE,TRUE,FALSE,Released,EXW,USA,Customer Carrier Account,,5/21/2025 0:00,,,,,,,,
Recycling Equipment Manufacturing,9426350,5/21/2025 0:00,llujan,11026.2,TRUE,TRUE,FALSE,Released,Origin,USA,Customer Carrier Account,,5/21/2025 0:00,,,,,,,,
Milacron LLC,9425796,5/22/2025 0:00,wregier,1044.93,TRUE,TRUE,FALSE,Released,EXW,USA,UPS Ground,DO NOT INSURE--NO STYROFOAMPNT# 232 SIGNAL WHITE,5/22/2025 0:00,,,,,,,,
Milacron LLC,9426302,5/22/2025 0:00,wregier,2089.86,TRUE,TRUE,FALSE,Released,EXW,USA,UPS Ground,DO NOT INSURE--NO STYROFOAMPNT# 232 SIGNAL WHITE,5/22/2025 0:00,,,,,,,,
"Prab, Inc.",9423381,5/23/2025 0:00,ericb,41668.7,TRUE,TRUE,FALSE,CR HOLD: RELEASED,Origin,USA,Customer Carrier Account,,5/23/2025 0:00,,,,,,,,
SpecSoft Inc,9426315,5/23/2025 0:00,bvanhorn,10119.25,TRUE,FALSE,FALSE,Cr Hold: Reminder of past due,Origin,USA,UPS Freight LTL,,5/23/2025 0:00,,,,,,,,
Weima America Inc.,9426559,5/23/2025 0:00,ericb,20166.25,TRUE,TRUE,FALSE,Released,Origin,Canada,Customer Carrier Account,,5/23/2025 0:00,,,,,,,,
Whirlpool Corporation,9425962,5/23/2025 0:00,blafever,5850,TRUE,TRUE,FALSE,Released,Origin,USA,Best Way,,5/23/2025 0:00,,,,,,,,
Satake U.S.A. Inc.,9426220,5/26/2025 0:00,wregier,13859.25,FALSE,FALSE,FALSE,,Origin,USA,Customer Carrier Account,,5/26/2025 0:00,,,,,,,,
Shick Esteve,9424730,5/26/2025 0:00,wregier,36355.2,FALSE,FALSE,FALSE,,Origin,USA,Customer Carrier Account,BLIND SHIPMENT USAED CUSTOMER,5/26/2025 0:00,,,,,,,,
IPEG - International Plastics Equipment Group,9423373,5/27/2025 0:00,cberschauer,1679.6,FALSE,FALSE,FALSE,Released,EXW,Canada,Customer Carrier Account,"FED EX FREIGHT # 50334351FED EX PARCEL # 016504211UPS# 185657Valued Supplier:Our Conair Franklin PA location has changed the inbound freight carrier to Ark Transportation Ltd, starting immediately. Going forward, contact the following when scheduling domestic pickup/deliveries:http://my.arktransportation.com/webtrakwt/     User name : conair       Password : conairor  Email: ops@arktrans.com          Phone: 800-536-6088Please include with your request: Origin ZipDestination ZipPiece count, Weight, and Dimensions (L x W x H)Description of GoodsService Level Requested Any other special information about the shipment About Ark: We value our customers. We believe that customer service and communication should be the first priorities when working with a transportation and logistics provider. We do this by having quick response times, an operations team who utilizes technology to help you make your transportation decisions quickly and easily, and the ability to move your freight anywhere in the world. Review Arc’s leadtime service map on page 2. Advise me of any questions or concerns.   Thank you for your support.Dan MattasDirector of Purchasingdmattas@conairgroup.comThe Conair Group  /  IPEG, Inc.",5/27/2025 0:00,,,,,,,,
TE Connectivity,9426031,5/27/2025 0:00,llujan,34108,FALSE,FALSE,FALSE,,Origin,USA,Customer Pick Up,"USAE FED EX GROUND 3RD PARTY04-20-20, Rafael Lopez request to update the quote of the MD Metron 07 150 Flat Line, FDC 8-84 . He needs 6 units to quote. I did send to Inside sales this RFQ.04-20-20, Bob Van Horne sent to Rafael the quote updated04-21-20 Rafael called me to expalin that they need to place the P.O of one unit thta is urgently. The others 5 units they will let us know if June or July depends of the Covid issues.05-27-20  Rafael Lopez told me that TE is prioritzing all projects becouse they closed for two months for COVID19, they wont buy the othe,rs 5 units at the same time, they will be buying one by one.  05-27-20  He´s requiring  to quote one unit of the 5 pending to pruchase. Model (Metron 07 150 Flatline, FDC 8 - 84 for Roboshot 110B) , I did send the RFQ to insidesales.05-29-20  He´s requiring  to quote one  under the press Metron 07 150 Flatline, FDC 12 - 72 w/ auto controls , I did send the RFQ to insidesales",5/27/2025 0:00,,,,,,,,
"Interflex, LLC",9426172,5/28/2025 0:00,bvanhorn,21083.4,FALSE,FALSE,FALSE,,Origin,USA,Customer Carrier Account,"Historical shipping problems wtih this customer:04/23  Tony Leanna at Interflex - ""We just opened the boxes for the above magnetic cylinders and found that they are just laying on the bottom of the box.No cradles or foam support at all with a single layer of small bubble wrap around the body.""02/24  Tony Leanna at Interflex - ""I TOLD you a long time ago that just white FOAM cradles are not enough the handle the weight of these rolls.Plus, you put nothing as a side support to stop the roll from shifting from side to side again.""1.",Crate length will be sized to prevent lateral movement.2.,Crate ends will be secured with Groove or V-Blocks at 2” from crate floor. .3.,Crate width will be sized within 2” of the cylinder diameter.4.,Crate will be constructed with 2” thick boards for base and sidewall protection.5.,"Expansion packs will be used to eliminate voids in corners, and as protection to the cylinder surfaces.6.",A particle board lid will be secured to the top after expansion packs are placed on top of cylinder and evaluated for adequate coverage.7.,Crate feet should allow a 4” gap for using skid forks. 8. ,"Width of the crate feet should be at minimum, equal to the the height of the crate to reduce risk of tipping.9.             Apply  “DO_NOT_TIP” stickers to adjacent sides and attached a “DO_NOT_STACK” cone to the top.",5/28/2025 0:00
Acushnet Company,9426453,5/30/2025 0:00,wregier,1589,FALSE,FALSE,FALSE,,Origin,Thailand,Fed-Ex International Economy,,5/30/2025 0:00,,,,,,,,
Amazon,9426264,5/30/2025 0:00,llujan,5141,TRUE,TRUE,FALSE,Released,EXW,USA,Service Call,,5/30/2025 0:00,,,,,,,,
Door County Coffee & Tea Co,9426122,5/30/2025 0:00,llujan,3440,FALSE,FALSE,FALSE,,Origin,USA,Service Call,,5/30/2025 0:00,,,,,,,,
Kraft Heinz Company,9426555,5/30/2025 0:00,llujan,3440,TRUE,TRUE,FALSE,Released,Origin,USA,Service Call,,5/30/2025 0:00,,,,,,,,
La Flor Products Co. Inc,9426568,5/30/2025 0:00,llujan,2500,TRUE,TRUE,FALSE,Released,Origin,USA,Service Call,,5/30/2025 0:00,,,,,,,,
Ontario Power Generation,9425955,5/30/2025 0:00,blafever,9000,TRUE,TRUE,FALSE,Released,EXW,Canada,Service Call,,5/30/2025 0:00,,,,,,,,
S&H Systems,9417085,5/30/2025 0:00,llujan,5974,TRUE,TRUE,FALSE,,EXW,USA,Customer Carrier Account,,12/31/2024 0:00,,,,,,,,
Thompson Construction Group,9419805,5/30/2025 0:00,tkoerner,32404,TRUE,TRUE,FALSE,CR HOLD: RELEASED,Origin,USA,Best Way,,5/30/2025 0:00,,,,,,,,
Weima America Inc.,9423829,5/30/2025 0:00,ericb,159398.8,TRUE,TRUE,FALSE,CR HOLD: RELEASED,Origin,USA,Customer Carrier Account,,5/30/2025 0:00,,,,,,,,
Wendt Corporation,9422575,5/30/2025 0:00,blafever,122238.5,TRUE,TRUE,FALSE,CR HOLD: RELEASED,Origin,USA,Customer Carrier Account,,5/30/2025 0:00,,,,,,,,
CP Kelco US Inc,9422315,6/3/2025 0:00,llujan,3440,FALSE,FALSE,FALSE,,Origin,USA,Service Call,,6/3/2025 0:00,,,,,,,,
Perretta Graphics Corp,9426342,6/5/2025 0:00,bvanhorn,10937,TRUE,TRUE,FALSE,Released,EXW,USA,UPS Ground,,6/5/2025 0:00,,,,,,,,
Excalibur Seasoning Co.,9412259,6/15/2025 0:00,llujan,39746,TRUE,TRUE,FALSE,RELEASED: PAYMENT RECEIVED,Origin,USA,Best Way,,6/16/2025 0:00,,,,,,,,
Centro Inc,9414598,6/16/2025 0:00,llujan,19277,FALSE,TRUE,FALSE,RELEASED: See memo,Origin,USA,XPO Logistics,,12/31/2024 0:00,,,,,,,,
HAF Equipment,9419465,6/16/2025 0:00,llujan,19107.2,FALSE,FALSE,FALSE,Released,EXW,USA,Customer Pick Up,,6/23/2025 0:00,,,,,,,,
Heyco Products Corp / Div Penn Eng. & Mfg,9415271,6/16/2025 0:00,llujan,21726,TRUE,TRUE,FALSE,RELEASED: see memo,Origin,USA,Best Way,,6/16/2025 0:00,,,,,,,,
"Hilmar Cheese Company, Inc.",9422118,6/16/2025 0:00,llujan,5000,FALSE,FALSE,FALSE,,Origin,USA,Service Call,,6/16/2025 0:00,,,,,,,,
KW Container,9421048,6/16/2025 0:00,llujan,3914,FALSE,FALSE,FALSE,,Origin,USA,UPS 2nd Day Air,,6/23/2025 0:00,,,,,,,,
Milacron LLC,9425638,6/16/2025 0:00,wregier,5214.39,TRUE,TRUE,FALSE,Released,Origin,USA,Dayton Freight,DO NOT INSURE--NO STYROFOAMPNT# 232 SIGNAL WHITE,6/16/2025 0:00,,,,,,,,
Milk Specialties,9419519,6/16/2025 0:00,llujan,3440,TRUE,TRUE,FALSE,Released,EXW,USA,Service Call,,6/16/2025 0:00,,,,,,,,
Minsa SA de CV,9418676,6/16/2025 0:00,llujan,61287,TRUE,TRUE,FALSE,CR HOLD: RELEASED,Origin,USA,Old Dominion,,6/15/2025 0:00,,,,,,,,
PMP Fermentation Products,9415414,6/16/2025 0:00,llujan,37726,TRUE,TRUE,FALSE,RELEASED: see memo,Origin,USA,Best Way,,12/31/2024 0:00,,,,,,,,
"R.T. Kuntz Co., Inc.",9422961,6/16/2025 0:00,llujan,12979.55,TRUE,TRUE,FALSE,Released,Origin,USA,Best Way,,6/16/2025 0:00,,,,,,,,
"R.T. Kuntz Co., Inc.",9423321,6/16/2025 0:00,rmitchell,13591.1,TRUE,TRUE,FALSE,Released,Origin,USA,Best Way,,6/16/2025 0:00,,,,,,,,
"R.T. Kuntz Co., Inc.",9423325,6/16/2025 0:00,rmitchell,13591.1,TRUE,TRUE,FALSE,Released,Origin,USA,Best Way,,6/16/2025 0:00,,,,,,,,
Spectrum Brands,9423976,6/16/2025 0:00,llujan,18869,FALSE,FALSE,FALSE,,Origin,USA,Best Way,,6/16/2025 0:00,,,,,,,,
B & B Plastics,9421291,7/31/2025 0:00,rmitchell,591,TRUE,TRUE,FALSE,Released,Origin,USA,Best Way,,4/30/2025 0:00,,,,,,,,
Halverson Company,9420484,7/31/2025 0:00,llujan,32165.2,TRUE,TRUE,FALSE,Released,Origin,USA,Best Way,,7/31/2025 0:00,,,,,,,,
Northeast Industrial Technologies Inc,9395504,7/31/2025 0:00,llujan,165838.4,FALSE,TRUE,FALSE,RELEASED: PMT RCVD,Origin,USA,Best Way,,7/31/2025 0:00,,,,,,,,
"Pet Solutions Holdings, LLC",9420834,7/31/2025 0:00,llujan,29912,TRUE,TRUE,FALSE,Released,EXW,USA,Best Way,,7/31/2025 0:00,,,,,,,,
Post Plastics,9420414,7/31/2025 0:00,llujan,13444,TRUE,TRUE,FALSE,Released,EXW,Canada,Customer Pick Up,,7/31/2025 0:00,,,,,,,,
"R.T. Kuntz Co., Inc.",9423723,7/31/2025 0:00,llujan,13564.3,TRUE,TRUE,FALSE,Released,Origin,USA,Best Way,,7/31/2025 0:00,,,,,,,,
Semican,9420281,7/31/2025 0:00,llujan,14036,TRUE,TRUE,FALSE,Released,EXW,Canada,Best Way,,7/31/2025 0:00,,,,,,,,
Blended Waxes,9407201,8/1/2025 0:00,llujan,0,TRUE,TRUE,FALSE,RELEASED: NO CHARGE ORDER,EXW,USA,Service Call,,8/1/2025 0:00,,,,,,,,
A&B Engineering Services,9424002,8/20/2025 0:00,ericb,21213.42,TRUE,TRUE,FALSE,Released,EXW,USA,Best Way,,8/20/2025 0:00,,,,,,,,
BDI,9406018,11/18/2025 0:00,llujan,32171.15,TRUE,TRUE,FALSE,RELEASED: CHILD OF BDI002,EXW,USA,Best Way,,4/30/2025 0:00,,,,,,,,
